City_ID,City,Country,Date,Lat,Lng,Max Temp,Humidity,Cloudiness,Wind Speed
0,Georgetown,MY,2021-08-03 21:53:03,5.4112,100.3354,80.53,91,20,1.99
1,Kapaa,US,2021-08-03 21:53:04,22.0752,-159.319,84.18,81,47,1.01
2,Belaya Gora,RU,2021-08-03 21:53:04,68.5333,146.4167,52.05,41,8,7.45
3,Kavaratti,IN,2021-08-03 21:53:05,10.5669,72.642,81.84,76,77,16.37
4,Khatanga,RU,2021-08-03 21:53:05,71.9667,102.5,66.87,61,97,8.52
5,Mahebourg,MU,2021-08-03 21:53:05,-20.4081,57.7,70.09,68,20,10.36
6,Ilulissat,GL,2021-08-03 21:53:06,69.2167,-51.1,42.57,80,35,0.27
7,Hermanus,ZA,2021-08-03 21:53:06,-34.4187,19.2345,52.9,92,52,3.0
8,Takoradi,GH,2021-08-03 21:53:06,4.8845,-1.7554,76.57,89,87,10.2
9,Mataura,NZ,2021-08-03 21:53:07,-46.1927,168.8643,37.47,87,81,3.06
10,Atambua,ID,2021-08-03 21:53:07,-9.1061,124.8925,69.15,87,78,4.41
11,Cape Town,ZA,2021-08-03 21:53:08,-33.9258,18.4232,56.88,80,40,3.0
12,Ushuaia,AR,2021-08-03 21:48:39,-54.8,-68.3,42.46,65,40,16.11
13,Cayenne,GF,2021-08-03 21:53:08,4.9333,-52.3333,84.24,79,20,1.01
14,Margate,GB,2021-08-03 21:53:09,51.3813,1.3862,61.03,74,0,1.01
15,Punta Arenas,CL,2021-08-03 21:53:09,-53.15,-70.9167,42.91,75,75,17.27
16,Kieta,PG,2021-08-03 21:53:09,-6.2167,155.6333,81.55,79,26,3.27
17,Roald,NO,2021-08-03 21:53:10,62.5833,6.1333,54.16,63,25,2.77
18,Rochester,US,2021-08-03 21:52:00,43.1548,-77.6156,79.32,55,75,1.99
19,Bredasdorp,ZA,2021-08-03 21:53:10,-34.5322,20.0403,54.72,88,28,3.44
20,Ribeira Grande,PT,2021-08-03 21:53:11,38.5167,-28.7,73.17,84,1,6.33
21,Okhotsk,RU,2021-08-03 21:53:11,59.3833,143.3,56.84,63,1,3.98
22,Salinopolis,BR,2021-08-03 21:53:11,-0.6136,-47.3561,79.3,79,93,6.24
23,Vestmannaeyjar,IS,2021-08-03 21:53:12,63.4427,-20.2734,53.73,90,99,6.46
24,Albany,US,2021-08-03 21:50:33,42.6001,-73.9662,78.03,64,100,1.99
25,Qaanaaq,GL,2021-08-03 21:53:12,77.484,-69.3632,41.16,98,100,5.68
26,Hithadhoo,MV,2021-08-03 21:53:12,-0.6,73.0833,81.63,76,100,9.48
27,Jamestown,US,2021-08-03 21:49:58,42.097,-79.2353,75.09,56,75,9.22
28,Hilo,US,2021-08-03 21:53:13,19.7297,-155.09,80.26,74,54,5.01
29,Saskylakh,RU,2021-08-03 21:53:13,71.9167,114.0833,55.9,52,48,7.07
30,Saldanha,ZA,2021-08-03 21:53:14,-33.0117,17.9442,48.25,94,6,7.2
31,Sao Bras De Alportel,PT,2021-08-03 21:53:14,37.1531,-7.8875,75.88,41,0,11.5
32,Hamilton,US,2021-08-03 21:50:46,39.1834,-84.5333,82.49,43,40,5.75
33,Upernavik,GL,2021-08-03 21:53:15,72.7868,-56.1549,42.78,89,82,9.62
34,Bluff,NZ,2021-08-03 21:53:15,-46.6,168.3333,37.8,82,80,7.72
35,Isangel,VU,2021-08-03 21:53:15,-19.55,169.2667,73.51,68,20,0.0
36,Abha,SA,2021-08-03 21:53:16,18.2164,42.5053,67.82,56,0,5.75
37,Champerico,GT,2021-08-03 21:53:16,14.3,-91.9167,88.75,67,70,7.31
38,Malakal,SS,2021-08-03 21:53:17,9.5334,31.6605,73.06,88,98,3.67
39,College,US,2021-08-03 21:52:02,64.8569,-147.8028,85.59,48,40,0.0
40,Sergeyevka,KZ,2021-08-03 21:53:17,53.88,67.4158,66.24,77,45,2.71
41,Haukipudas,FI,2021-08-03 21:53:17,65.1765,25.3523,59.05,72,100,20.45
42,Vaini,TO,2021-08-03 21:53:18,-21.2,-175.2,73.56,78,40,11.5
43,Aklavik,CA,2021-08-03 21:53:18,68.2191,-135.0107,59.83,66,20,5.75
44,Mnogovershinnyy,RU,2021-08-03 21:53:19,53.9353,139.9242,50.4,96,100,4.14
45,Batagay-Alyta,RU,2021-08-03 21:53:19,67.8006,130.4114,63.64,35,66,4.29
46,Rikitea,PF,2021-08-03 21:53:19,-23.1203,-134.9692,70.21,55,94,13.33
47,Vardo,NO,2021-08-03 21:53:20,70.3705,31.1107,46.6,95,100,33.67
48,New Norfolk,AU,2021-08-03 21:53:20,-42.7826,147.0587,44.92,86,47,1.01
49,Henties Bay,NA,2021-08-03 21:53:21,-22.116,14.2845,57.85,85,25,5.91
50,Port Elizabeth,ZA,2021-08-03 21:51:15,-33.918,25.5701,64.69,45,40,11.5
51,Kurmanayevka,RU,2021-08-03 21:53:21,52.5093,52.0675,78.03,35,53,3.42
52,Ambilobe,MG,2021-08-03 21:53:21,-13.2,49.05,68.68,82,61,3.27
53,Rudnogorsk,RU,2021-08-03 21:53:22,57.2639,103.7519,58.86,74,95,1.48
54,Havre-Saint-Pierre,CA,2021-08-03 21:53:22,50.2334,-63.5986,62.96,77,1,12.66
55,Ancud,CL,2021-08-03 21:53:23,-41.8697,-73.8203,51.33,74,80,5.44
56,Saint-Philippe,RE,2021-08-03 21:53:23,-21.3585,55.7679,69.39,71,0,7.09
57,Busselton,AU,2021-08-03 21:53:24,-33.65,115.3333,43.09,77,79,2.71
58,Barrow,US,2021-08-03 21:51:34,71.2906,-156.7887,48.22,70,90,14.97
59,Usinsk,RU,2021-08-03 21:53:24,65.9939,57.5281,58.39,87,91,10.02
60,Port Alfred,ZA,2021-08-03 21:53:24,-33.5906,26.891,67.6,33,0,9.13
61,Ponta Do Sol,PT,2021-08-03 21:53:25,32.6667,-17.1,72.23,75,1,6.76
62,Dikson,RU,2021-08-03 21:53:25,73.5069,80.5464,47.61,84,99,8.52
63,Merauke,ID,2021-08-03 21:53:26,-8.4667,140.3333,76.46,85,79,11.39
64,Pevek,RU,2021-08-03 21:53:26,69.7008,170.3133,37.89,86,77,4.05
65,Lebu,CL,2021-08-03 21:53:26,-37.6167,-73.65,51.62,89,20,12.77
66,Klaksvik,FO,2021-08-03 21:53:27,62.2266,-6.589,52.72,93,100,2.59
67,Cherskiy,RU,2021-08-03 21:53:27,68.75,161.3,43.36,77,82,12.91
68,Coquimbo,CL,2021-08-03 21:53:16,-29.9533,-71.3436,56.93,76,20,11.5
69,Bethel,US,2021-08-03 21:53:28,41.3712,-73.414,76.5,66,100,0.83
70,Lithgow,AU,2021-08-03 21:53:28,-33.4833,150.15,41.83,85,99,17.29
71,Bathsheba,BB,2021-08-03 21:53:28,13.2167,-59.5167,83.01,74,40,13.8
72,Mount Gambier,AU,2021-08-03 21:53:29,-37.8333,140.7667,44.51,100,40,6.91
73,Tarabuco,BO,2021-08-03 21:53:29,-19.1667,-64.9167,47.08,54,56,8.3
74,Molepolole,BW,2021-08-03 21:53:30,-24.4066,25.4951,55.54,53,0,7.67
75,Esperance,AU,2021-08-03 21:53:30,-33.8667,121.9,49.84,76,77,6.04
76,Castro,BR,2021-08-03 21:49:50,-24.7911,-50.0119,49.89,71,25,2.53
77,Teocaltiche,MX,2021-08-03 21:53:31,21.4333,-102.5833,77.47,48,72,4.97
78,Hobart,AU,2021-08-03 21:53:31,-42.8794,147.3294,45.27,84,40,1.99
79,Port-Gentil,GA,2021-08-03 21:53:31,-0.7193,8.7815,75.51,86,30,13.91
80,Grindavik,IS,2021-08-03 21:53:31,63.8424,-22.4338,55.35,87,75,8.05
81,Tiksi,RU,2021-08-03 21:53:32,71.6872,128.8694,43.9,78,92,9.22
82,Praia Da Vitoria,PT,2021-08-03 21:53:17,38.7333,-27.0667,75.45,78,20,7.23
83,Brekstad,NO,2021-08-03 21:53:32,63.687,9.6654,53.56,87,20,4.61
84,Prabumulih,ID,2021-08-03 21:53:33,-3.45,104.25,72.97,96,75,3.04
85,Urumqi,CN,2021-08-03 21:53:33,43.801,87.6005,74.35,27,0,4.47
86,Puerto Ayora,EC,2021-08-03 21:53:33,-0.7393,-90.3518,76.96,77,79,10.31
87,Hasaki,JP,2021-08-03 21:53:34,35.7333,140.8333,79.29,83,2,8.79
88,San Cristobal,VE,2021-08-03 21:53:34,7.7669,-72.225,78.98,78,99,6.35
89,Arman,RU,2021-08-03 21:53:34,59.7,150.1667,54.93,51,0,6.06
90,Berea,US,2021-08-03 21:53:33,41.3662,-81.8543,80.19,50,11,1.99
91,Wanning,CN,2021-08-03 21:53:35,18.8003,110.3967,79.56,84,100,3.91
92,Kodiak,US,2021-08-03 21:53:35,57.79,-152.4072,56.97,80,60,7.34
93,Atuona,PF,2021-08-03 21:53:35,-9.8,-139.0333,77.41,69,17,17.36
94,Thompson,CA,2021-08-03 21:53:36,55.7435,-97.8558,84.36,42,75,11.5
95,Tuktoyaktuk,CA,2021-08-03 21:53:36,69.4541,-133.0374,50.0,81,40,8.05
96,Opuwo,NA,2021-08-03 21:53:36,-18.0607,13.84,58.84,62,0,6.67
97,Avarua,CK,2021-08-03 21:53:37,-21.2078,-159.775,77.05,65,0,9.22
98,Butaritari,KI,2021-08-03 21:53:37,3.0707,172.7902,83.23,72,100,15.95
99,Bosaso,SO,2021-08-03 21:53:38,11.2842,49.1816,91.92,37,15,20.62
100,Lyngdal,NO,2021-08-03 21:53:38,58.1376,7.07,56.89,77,81,8.03
101,Altea,ES,2021-08-03 21:53:38,38.5989,-0.0514,81.14,70,15,11.01
102,Port Macquarie,AU,2021-08-03 21:53:39,-31.4333,152.9167,53.89,53,0,9.75
103,Ferme-Neuve,CA,2021-08-03 21:53:39,46.7001,-75.4493,73.18,93,81,3.2
104,Tihuatlan,MX,2021-08-03 21:53:40,20.7167,-97.5333,88.59,55,100,11.01
105,Yellowknife,CA,2021-08-03 21:53:40,62.456,-114.3525,64.92,49,75,7.0
106,Alton,US,2021-08-03 21:49:45,38.8906,-90.1843,82.02,55,14,1.01
107,Raudeberg,NO,2021-08-03 21:53:41,61.9875,5.1352,50.67,66,56,2.37
108,Lazaro Cardenas,MX,2021-08-03 21:53:41,17.9583,-102.2,86.5,69,12,9.28
109,Babol,IR,2021-08-03 21:53:41,36.5513,52.679,79.03,68,96,2.51
110,Taltal,CL,2021-08-03 21:53:42,-25.4,-70.4833,60.22,75,19,4.74
111,Narsaq,GL,2021-08-03 21:53:42,60.9167,-46.05,46.15,93,100,1.12
112,San Carlos De Bariloche,AR,2021-08-03 21:49:27,-41.1456,-71.3082,60.55,27,0,2.3
113,Fuerte Olimpo,PY,2021-08-03 21:53:43,-21.0415,-57.8738,74.08,33,100,5.19
114,Cangzhou,CN,2021-08-03 21:53:43,38.3167,116.8667,74.52,82,99,5.53
115,Sinnamary,GF,2021-08-03 21:53:43,5.3833,-52.95,79.77,77,13,7.38
116,Baruun-Urt,MN,2021-08-03 21:53:44,46.6806,113.2792,58.8,93,99,5.03
117,Carnarvon,AU,2021-08-03 21:53:44,-24.8667,113.6333,50.07,47,0,11.5
118,Sovetskiy,RU,2021-08-03 21:53:44,61.3614,63.5842,63.61,72,100,4.05
119,Yulara,AU,2021-08-03 21:53:45,-25.2406,130.9889,40.84,65,0,5.75
120,Kintampo,GH,2021-08-03 21:53:45,8.0563,-1.7306,73.35,87,66,4.47
121,Koundara,GN,2021-08-03 21:53:47,12.4833,-13.3,74.75,95,70,4.27
122,Coihaique,CL,2021-08-03 21:53:47,-45.5752,-72.0662,48.81,65,0,3.44
123,Nikolskoye,RU,2021-08-03 21:53:47,59.7035,30.7861,55.8,97,35,5.66
124,Arraial Do Cabo,BR,2021-08-03 21:53:48,-22.9661,-42.0278,69.66,73,75,16.11
125,Mantua,IT,2021-08-03 21:53:48,45.1667,10.7833,74.44,77,85,1.99
126,Vostok,RU,2021-08-03 21:53:48,46.4856,135.8833,70.03,94,100,2.95
127,Souillac,MU,2021-08-03 21:53:49,-20.5167,57.5167,70.18,68,20,10.36
128,Makat,KZ,2021-08-03 21:53:49,47.6469,53.3463,89.4,21,6,7.49
129,Prieska,ZA,2021-08-03 21:53:50,-29.6641,22.7474,58.08,17,0,8.57
130,Amahai,ID,2021-08-03 21:53:50,-3.3333,128.9167,76.91,90,96,3.53
131,Basco,PH,2021-08-03 21:53:50,20.4487,121.9702,83.37,86,100,29.59
132,Ko Samui,TH,2021-08-03 21:53:51,9.5357,99.9357,82.72,77,100,20.62
133,Kaspi,GE,2021-08-03 21:53:51,41.9252,44.4257,72.52,42,1,2.24
134,Santiago Del Estero,AR,2021-08-03 21:53:52,-27.7951,-64.2615,67.8,32,17,6.78
135,Roma,US,2021-08-03 21:53:52,43.2128,-75.4557,78.82,51,71,2.33
136,Airai,TL,2021-08-03 21:53:52,-8.9266,125.4092,56.32,70,80,3.22
137,Byron Bay,AU,2021-08-03 21:53:53,-28.65,153.6167,56.71,50,0,10.47
138,Rovaniemi,FI,2021-08-03 21:53:53,66.5,25.7167,53.01,66,100,13.8
139,Datong,CN,2021-08-03 21:51:15,40.0936,113.2914,63.21,86,8,5.46
140,Torbay,CA,2021-08-03 21:53:53,47.6666,-52.7314,68.88,66,20,19.57
141,Weligama,LK,2021-08-03 21:53:54,5.9667,80.4167,78.53,86,100,11.79
142,Green River,US,2021-08-03 21:53:54,41.5286,-109.4662,82.18,21,5,14.92
143,Chokurdakh,RU,2021-08-03 21:53:54,70.6333,147.9167,47.71,46,26,8.79
144,Yershov,RU,2021-08-03 21:53:55,51.3513,48.2766,74.28,50,89,9.89
145,Luderitz,NA,2021-08-03 21:53:55,-26.6481,15.1594,60.46,70,7,3.89
146,Saint Anthony,US,2021-08-03 21:53:56,45.0205,-93.218,87.91,41,20,3.0
147,George,ZA,2021-08-03 21:53:56,-33.963,22.4617,51.35,100,90,2.3
148,Semnan,IR,2021-08-03 21:53:57,35.5729,53.3971,78.75,32,72,7.83
149,Hami,CN,2021-08-03 21:53:57,42.8,93.45,80.04,18,60,3.58
150,Inhambane,MZ,2021-08-03 21:53:57,-23.865,35.3833,63.55,68,0,7.05
151,Bengkulu,ID,2021-08-03 21:53:58,-3.8004,102.2655,75.42,91,62,4.29
152,Werda,BW,2021-08-03 21:53:58,-25.2667,23.2833,55.58,34,0,10.29
153,Natal,BR,2021-08-03 21:53:59,-5.795,-35.2094,75.85,88,40,5.75
154,Ushtobe,KZ,2021-08-03 21:53:59,45.2514,77.9838,72.37,37,90,3.29
155,Lincoln,US,2021-08-03 21:53:32,40.8,-96.667,82.89,47,1,5.01
156,Russell,US,2021-08-03 21:53:59,32.3502,-85.1999,87.51,66,40,9.22
157,Gat,IL,2021-08-03 21:51:01,31.61,34.7642,88.39,39,0,4.68
158,Tombouctou,ML,2021-08-03 21:54:00,20.0,-3.0,84.63,54,31,22.1
159,Anloga,GH,2021-08-03 21:54:00,5.7947,0.8973,79.02,88,83,12.84
160,Owando,CG,2021-08-03 21:54:01,-0.4819,15.8999,81.16,50,96,3.78
161,Anton Lizardo,MX,2021-08-03 21:54:01,19.05,-95.9833,89.22,68,47,8.61
162,Lensk,RU,2021-08-03 21:54:01,60.7253,114.9278,56.8,95,99,2.15
163,Harper,LR,2021-08-03 21:54:02,4.375,-7.7169,76.91,80,62,7.14
164,Tasiilaq,GL,2021-08-03 21:54:02,65.6145,-37.6368,42.58,79,100,3.15
165,Iqaluit,CA,2021-08-03 21:54:03,63.7506,-68.5145,44.33,87,75,17.0
166,Broken Hill,AU,2021-08-03 21:54:03,-31.95,141.4333,40.71,87,2,10.36
167,East London,ZA,2021-08-03 21:52:32,-33.0153,27.9116,67.51,26,0,5.75
168,Edson,CA,2021-08-03 21:54:04,53.5835,-116.4356,80.74,60,75,10.36
169,Sistranda,NO,2021-08-03 21:54:04,63.7256,8.834,51.91,67,14,3.62
170,Noshiro,JP,2021-08-03 21:54:05,40.2039,140.0242,79.97,83,93,1.43
171,Sao Filipe,CV,2021-08-03 21:54:05,14.8961,-24.4956,75.0,96,100,15.66
172,Tabou,CI,2021-08-03 21:54:06,4.423,-7.3528,76.19,83,75,6.93
173,Nishihara,JP,2021-08-03 21:54:06,26.1842,127.7558,80.26,95,75,19.57
174,Gaoua,BF,2021-08-03 21:54:06,10.2992,-3.2508,72.23,93,100,13.85
175,Cross Lanes,US,2021-08-03 21:54:07,38.4204,-81.7907,80.35,81,49,3.76
176,Ukiah,US,2021-08-03 21:54:07,39.1502,-123.2078,106.12,17,1,4.61
177,Atherton,GB,2021-08-03 21:54:07,53.5237,-2.4935,62.29,75,97,1.99
178,Mitsamiouli,KM,2021-08-03 21:54:08,-11.3847,43.2844,75.2,67,0,4.81
179,Port Hardy,CA,2021-08-03 21:54:08,50.6996,-127.4199,66.38,68,75,5.75
180,Danville,US,2021-08-03 21:53:06,36.586,-79.395,81.43,65,95,4.0
181,Kande,TG,2021-08-03 21:54:09,9.9578,1.0447,75.54,81,97,3.18
182,Rapid Valley,US,2021-08-03 21:54:09,44.0625,-103.1463,93.65,26,40,1.01
183,Te Anau,NZ,2021-08-03 21:54:09,-45.4167,167.7167,36.48,88,100,1.39
184,Victoria,HK,2021-08-03 21:54:10,22.2855,114.1577,83.32,87,70,3.0
185,Alugan,PH,2021-08-03 21:54:10,12.2188,125.4808,82.09,76,100,10.0
186,Srednekolymsk,RU,2021-08-03 21:54:11,67.45,153.6833,42.15,56,100,19.98
187,Katsuura,JP,2021-08-03 21:54:11,35.1333,140.3,84.31,79,16,6.42
188,Simpang,ID,2021-08-03 21:54:11,-1.2667,104.0833,74.14,95,46,2.68
189,Zhigansk,RU,2021-08-03 21:54:12,66.7697,123.3711,61.12,54,56,11.77
190,Pemangkat,ID,2021-08-03 21:54:12,1.1667,108.9667,78.57,88,100,5.03
191,Portland,US,2021-08-03 21:50:39,45.5234,-122.6762,97.2,40,40,3.0
192,Cedar City,US,2021-08-03 21:54:13,37.6775,-113.0619,89.4,18,0,12.3
193,Goundam,ML,2021-08-03 21:54:13,16.4145,-3.6708,96.12,33,48,8.9
194,Yermakovskoye,RU,2021-08-03 21:54:13,53.2831,92.4003,59.27,87,98,1.88
195,Tuatapere,NZ,2021-08-03 21:54:14,-46.1333,167.6833,37.81,83,100,4.65
196,Sitka,US,2021-08-03 21:54:14,57.0531,-135.33,58.35,89,100,4.65
197,Lorengau,PG,2021-08-03 21:54:15,-2.0226,147.2712,82.72,78,32,5.99
198,Poum,NC,2021-08-03 21:54:15,-20.2333,164.0167,70.83,69,13,11.16
199,Ribeira Brava,PT,2021-08-03 21:54:15,32.65,-17.0667,72.23,77,1,5.91
200,Kaputa,ZM,2021-08-03 21:54:16,-8.4689,29.6619,69.19,49,0,3.04
201,Bihariganj,IN,2021-08-03 21:54:16,25.7333,86.9833,82.35,82,100,4.47
202,Wuwei,CN,2021-08-03 21:54:17,37.9281,102.6414,68.18,35,95,5.14
203,Praia,CV,2021-08-03 21:54:17,14.9215,-23.5087,75.74,94,90,10.36
204,Zhatay,RU,2021-08-03 21:54:17,62.1594,129.8294,59.05,77,0,4.47
205,Lavrentiya,RU,2021-08-03 21:54:18,65.5833,-171.0,49.19,94,82,8.37
206,Ayan,RU,2021-08-03 21:54:18,56.45,138.1667,53.47,79,99,2.68
207,Mar Del Plata,AR,2021-08-03 21:52:31,-38.0023,-57.5575,59.02,35,0,2.3
208,Cukai,MY,2021-08-03 21:54:19,4.25,103.4167,77.14,88,83,3.29
209,Mishan,CN,2021-08-03 21:54:19,45.55,131.8833,72.97,83,40,4.56
210,Codrington,AU,2021-08-03 21:54:19,-38.2667,141.9667,49.84,89,72,13.89
211,Hervey Bay,AU,2021-08-03 21:54:20,-25.2986,152.8535,64.04,65,78,4.0
212,Vsetin,CZ,2021-08-03 21:54:20,49.3387,17.9962,65.44,80,93,2.59
213,Titlagarh,IN,2021-08-03 21:54:21,20.3,83.15,75.09,85,100,4.5
214,Mingshui,CN,2021-08-03 21:54:21,36.7167,117.5,74.43,86,100,7.07
215,Alyangula,AU,2021-08-03 21:54:21,-13.8483,136.4192,73.27,83,79,4.61
216,Tekeli,KZ,2021-08-03 21:54:22,44.83,78.8239,66.74,32,97,7.49
217,Saint George,US,2021-08-03 21:54:22,37.1041,-113.5841,106.63,16,1,1.01
218,Kavieng,PG,2021-08-03 21:54:23,-2.5744,150.7967,82.56,76,13,5.32
219,Rassvet,RU,2021-08-03 21:54:23,46.8333,40.75,77.65,67,73,6.71
220,Cheremshanka,RU,2021-08-03 21:54:24,56.1192,60.268,61.09,83,91,1.05
221,Reims,FR,2021-08-03 21:54:24,49.1667,4.0833,58.78,94,0,0.0
222,Orumiyeh,IR,2021-08-03 21:54:25,37.5527,45.0761,67.55,56,40,6.91
223,Catia La Mar,VE,2021-08-03 21:54:25,10.6038,-67.0303,88.0,51,68,5.75
224,Ponta Delgada,PT,2021-08-03 21:54:26,37.7333,-25.6667,74.12,83,75,9.22
225,Dzilam Gonzalez,MX,2021-08-03 21:54:26,21.2833,-88.9333,85.84,66,55,8.34
226,Serra Talhada,BR,2021-08-03 21:54:26,-7.9919,-38.2983,73.42,70,87,17.54
227,Shimoda,JP,2021-08-03 21:54:27,34.6667,138.95,86.11,83,14,2.48
228,Gao,ML,2021-08-03 21:54:27,16.6362,1.637,92.71,34,48,5.95
229,Tomatlan,MX,2021-08-03 21:54:27,19.9333,-105.25,87.78,70,69,10.92
230,Awjilah,LY,2021-08-03 21:54:28,29.1081,21.2869,89.13,36,0,10.18
231,Koumac,NC,2021-08-03 21:54:28,-20.5667,164.2833,70.7,63,0,3.56
232,Provideniya,RU,2021-08-03 21:54:29,64.3833,-173.3,53.71,82,90,13.42
233,Pisco,PE,2021-08-03 21:54:29,-13.7,-76.2167,65.01,77,75,6.91
234,Kahului,US,2021-08-03 21:54:29,20.8947,-156.47,83.14,81,14,21.99
235,Constitucion,CL,2021-08-03 21:49:35,-35.3333,-72.4167,53.06,79,5,1.3
236,Hambantota,LK,2021-08-03 21:54:30,6.1241,81.1185,79.14,94,0,12.66
237,Palmer,US,2021-08-03 21:54:30,42.1584,-72.3287,76.03,57,100,1.88
238,Deputatskiy,RU,2021-08-03 21:54:31,69.3,139.9,45.7,50,56,5.73
239,Chunhuhub,MX,2021-08-03 21:54:31,19.55,-88.6833,81.39,78,97,2.37
240,Maun,BW,2021-08-03 21:54:31,-19.9833,23.4167,62.56,36,0,3.44
241,San Patricio,US,2021-08-03 21:54:32,28.017,-97.5169,93.29,48,100,0.96
242,Tilichiki,RU,2021-08-03 21:54:32,60.4667,166.1,45.88,63,97,9.1
243,Norman Wells,CA,2021-08-03 21:54:33,65.282,-126.8329,51.84,93,90,3.44
244,Goderich,CA,2021-08-03 21:54:33,43.7501,-81.7165,76.21,53,0,5.75
245,Muhammadabad,IN,2021-08-03 21:54:33,25.6333,83.75,80.74,78,100,8.37
246,Cockburn Town,TC,2021-08-03 21:54:34,21.4612,-71.1419,82.18,76,97,20.11
247,Longyearbyen,SJ,2021-08-03 21:54:34,78.2186,15.6401,42.01,88,85,8.46
248,Bambous Virieux,MU,2021-08-03 21:54:34,-20.3428,57.7575,70.05,68,20,10.36
249,Floriano,BR,2021-08-03 21:54:35,-6.7669,-43.0225,82.0,32,78,4.29
250,Quballat,TN,2021-08-03 21:54:35,36.5418,9.6633,86.22,43,82,12.21
251,Taoudenni,ML,2021-08-03 21:54:35,22.6783,-3.9836,104.34,17,33,7.07
252,Flinders,AU,2021-08-03 21:54:36,-34.5833,150.8552,52.21,60,2,20.0
253,Port Blair,IN,2021-08-03 21:54:36,11.6667,92.75,81.95,83,99,18.77
254,Lithakia,GR,2021-08-03 21:52:48,37.7167,20.8333,87.58,64,0,9.37
255,Udachnyy,RU,2021-08-03 21:54:37,66.4167,112.4,64.0,58,26,8.46
256,Port Hedland,AU,2021-08-03 21:54:37,-20.3167,118.5667,59.05,31,47,8.05
257,Fowa,NG,2021-08-03 21:54:37,8.9167,6.4,77.14,77,100,2.26
258,Jiangkou,CN,2021-08-03 21:54:38,25.4872,119.1986,78.69,93,100,3.6
259,Ulaangom,MN,2021-08-03 21:54:38,49.9811,92.0667,62.53,47,48,3.85
260,Sao Joao Da Barra,BR,2021-08-03 21:54:38,-21.6403,-41.0511,71.69,84,22,13.96
261,Asau,RO,2021-08-03 21:54:39,46.4333,26.4,63.52,93,18,1.97
262,Namibe,AO,2021-08-03 21:54:39,-15.1961,12.1522,65.98,84,0,8.84
263,Solnechnyy,RU,2021-08-03 21:54:39,50.7214,136.6319,55.17,98,100,3.91
264,Paamiut,GL,2021-08-03 21:54:40,61.994,-49.6678,45.12,92,100,8.46
265,Alice Springs,AU,2021-08-03 21:54:40,-23.7,133.8833,33.35,75,1,0.0
266,Severo-Kurilsk,RU,2021-08-03 21:54:41,50.6789,156.125,52.97,73,91,17.2
267,Agadez,NE,2021-08-03 21:54:41,19.75,10.25,95.29,13,23,11.81
268,Cap-Aux-Meules,CA,2021-08-03 21:54:41,47.3821,-61.8597,71.65,60,20,16.11
269,Surt,LY,2021-08-03 21:54:42,31.2089,16.5887,83.25,77,0,10.85
270,Berlevag,NO,2021-08-03 21:54:42,70.8578,29.0864,46.54,87,100,19.89
271,Kununurra,AU,2021-08-03 21:54:42,-15.7667,128.7333,75.18,29,25,8.05
272,Sechelt,CA,2021-08-03 21:54:37,49.4664,-123.7694,89.76,42,0,4.74
273,Bundaberg,AU,2021-08-03 21:54:43,-24.85,152.35,64.22,48,90,5.01
274,Ouricuri,BR,2021-08-03 21:54:43,-7.8825,-40.0817,75.2,42,35,3.53
275,Kandrian,PG,2021-08-03 21:54:44,-6.2167,149.55,79.77,83,78,3.04
276,Muroto,JP,2021-08-03 21:54:44,33.2833,134.15,78.84,82,39,9.57
277,Alta Floresta,BR,2021-08-03 21:54:44,-9.8756,-56.0861,82.17,26,6,3.51
278,Kosa,RU,2021-08-03 21:54:45,59.9445,54.9977,65.8,91,22,2.42
279,Clyde River,CA,2021-08-03 21:54:45,70.4692,-68.5914,41.23,87,40,12.66
280,Ossora,RU,2021-08-03 21:54:45,59.2353,163.0719,48.97,69,99,6.13
281,Sikonge,TZ,2021-08-03 21:54:46,-5.6333,32.7667,69.94,41,66,4.34
282,La Ronge,CA,2021-08-03 21:54:46,55.1001,-105.2842,77.22,53,90,3.44
283,Zvishavane,ZW,2021-08-03 21:54:47,-20.3267,30.0665,52.5,63,0,1.23
284,Yumen,CN,2021-08-03 21:54:47,40.2833,97.2,71.56,16,100,8.23
285,Skjervoy,NO,2021-08-03 21:54:47,70.0311,20.9714,49.5,75,100,7.36
286,Talnakh,RU,2021-08-03 21:54:48,69.4865,88.3972,66.02,58,34,3.47
287,Lagoa,PT,2021-08-03 21:54:48,39.05,-27.9833,72.23,87,5,7.4
288,Morondava,MG,2021-08-03 21:54:48,-20.2833,44.2833,69.8,59,0,10.87
289,Portales,US,2021-08-03 21:53:45,34.1862,-103.3344,88.34,27,12,8.23
290,Barreirinha,BR,2021-08-03 21:54:49,-2.7933,-57.07,80.46,65,100,0.83
291,Bose,IT,2021-08-03 21:54:49,45.4612,8.0137,64.29,92,96,5.88
292,Manggar,ID,2021-08-03 21:54:50,-2.8833,108.2667,81.55,78,89,10.8
293,Neiafu,TO,2021-08-03 21:54:50,-18.65,-173.9833,72.28,73,75,2.3
294,Husavik,IS,2021-08-03 21:54:50,66.0449,-17.3389,51.71,84,89,4.27
295,Inta,RU,2021-08-03 21:54:51,66.0317,60.1659,57.06,85,34,4.47
296,Saint-Georges,GD,2021-08-03 21:54:51,12.0564,-61.7485,83.88,74,20,13.8
297,Denpasar,ID,2021-08-03 21:54:51,-8.65,115.2167,80.26,89,20,16.11
298,Cabo San Lucas,MX,2021-08-03 21:54:52,22.8909,-109.9124,90.52,65,100,13.94
299,Ostersund,SE,2021-08-03 21:54:52,63.1792,14.6357,47.61,81,38,6.91
300,Skibbereen,IE,2021-08-03 21:54:52,51.55,-9.2667,58.8,87,97,3.42
301,Kaitangata,NZ,2021-08-03 21:54:53,-46.2817,169.8464,40.69,80,40,2.19
302,Porto Novo,BJ,2021-08-03 21:54:53,6.4965,2.6036,78.62,88,49,5.93
303,Severnyy,RU,2021-08-03 21:54:53,50.677,36.5532,64.44,72,0,6.71
304,Naco,MX,2021-08-03 21:54:54,31.3347,-109.9483,94.86,42,35,9.06
305,Karasburg,NA,2021-08-03 21:54:54,-28.0167,18.75,59.81,28,12,7.74
306,Mount Isa,AU,2021-08-03 21:54:54,-20.7333,139.5,51.57,43,12,11.5
307,Koutiala,ML,2021-08-03 21:54:54,12.3917,-5.4642,79.02,73,69,7.61
308,Avera,US,2021-08-03 21:54:55,33.194,-82.5271,82.9,76,83,8.81
309,Katherine,AU,2021-08-03 21:54:55,-14.4667,132.2667,71.92,73,97,9.22
310,Nanortalik,GL,2021-08-03 21:54:55,60.1432,-45.2371,44.92,93,100,6.85
311,Correntina,BR,2021-08-03 21:54:56,-13.3433,-44.6367,71.94,39,21,4.72
312,Moosomin,CA,2021-08-03 21:54:56,50.1333,-101.6677,91.81,17,100,8.08
313,Kalabo,ZM,2021-08-03 21:54:57,-14.97,22.6814,58.12,34,0,5.19
314,Tucuman,AR,2021-08-03 21:52:04,-26.8241,-65.2226,73.4,31,36,9.22
315,Verkhoyansk,RU,2021-08-03 21:54:57,67.5447,133.385,62.15,36,46,5.06
316,Jutai,BR,2021-08-03 21:54:58,-5.1833,-68.9,83.97,45,10,1.19
317,Dwarka,IN,2021-08-03 21:54:58,22.2394,68.9678,81.59,81,100,22.06
318,Padang,ID,2021-08-03 21:54:58,-0.9492,100.3543,76.48,88,85,3.15
319,Yerbogachen,RU,2021-08-03 21:54:59,61.2767,108.0108,59.47,72,0,4.32
320,Yacuiba,BO,2021-08-03 21:54:59,-22.038,-63.6797,64.58,40,100,3.71
321,Havoysund,NO,2021-08-03 21:54:59,70.9963,24.6622,45.48,84,100,5.23
322,Batticaloa,LK,2021-08-03 21:54:59,7.7102,81.6924,80.01,70,100,6.46
323,Osmena,PH,2021-08-03 21:55:00,10.5208,119.9258,83.8,77,100,7.4
324,Omboue,GA,2021-08-03 21:55:00,-1.5746,9.2618,74.16,88,48,8.43
325,Comodoro Rivadavia,AR,2021-08-03 21:53:05,-45.8667,-67.5,55.26,22,0,8.05
326,Lima,PE,2021-08-03 21:53:15,-12.0432,-77.0282,62.85,77,90,5.75
327,Aden,YE,2021-08-03 21:54:49,12.7794,45.0367,83.46,80,28,9.04
328,Saint-Joseph,RE,2021-08-03 21:55:01,-21.3667,55.6167,68.38,70,0,2.8
329,Port Said,EG,2021-08-03 21:55:01,31.2565,32.2841,84.18,79,0,12.66
330,Launceston,AU,2021-08-03 21:55:02,-41.45,147.1667,40.64,95,32,3.0
331,Presidencia Roque Saenz Pena,AR,2021-08-03 21:55:02,-26.7852,-60.4388,59.56,32,17,6.53
332,Toccoa,US,2021-08-03 21:55:02,34.5773,-83.3324,78.82,82,90,0.0
333,Makakilo City,US,2021-08-03 21:55:03,21.3469,-158.0858,82.56,55,75,14.97
334,Mujiayingzi,CN,2021-08-03 21:55:03,42.1167,118.7833,66.45,86,100,5.73
335,Kemijarvi,FI,2021-08-03 21:55:04,66.7131,27.4306,44.51,94,100,19.22
336,Namtsy,RU,2021-08-03 21:55:04,62.7161,129.6658,59.11,68,32,3.58
337,Hillsborough,US,2021-08-03 21:52:06,37.5741,-122.3794,95.14,66,20,19.57
338,Sokoto,NG,2021-08-03 21:55:05,13.0609,5.239,80.2,73,22,12.33
339,Poya,NC,2021-08-03 21:55:05,-21.35,165.15,70.75,63,1,3.4
340,Acarau,BR,2021-08-03 21:55:05,-2.8856,-40.12,77.79,78,61,7.72
341,Hobyo,SO,2021-08-03 21:55:06,5.3505,48.5268,77.25,80,30,21.14
342,Kilmallock,IE,2021-08-03 21:55:06,52.4,-8.5772,58.15,94,100,1.99
343,Kajaani,FI,2021-08-03 21:55:06,64.2273,27.7285,51.85,82,20,16.11
344,Bintulu,MY,2021-08-03 21:55:07,3.1667,113.0333,77.41,94,20,5.01
345,Luau,AO,2021-08-03 21:55:07,-10.7073,22.2247,64.9,33,2,4.72
346,Yuryev-Polskiy,RU,2021-08-03 21:55:08,56.5,39.6833,56.44,73,6,8.37
347,Vao,NC,2021-08-03 21:55:08,-22.6667,167.4833,68.9,68,27,5.28
348,Viedma,AR,2021-08-03 21:55:08,-40.8135,-62.9967,51.06,61,56,7.67
349,Mehamn,NO,2021-08-03 21:55:09,71.0357,27.8492,47.01,82,100,14.67
350,Glendive,US,2021-08-03 21:55:09,47.1053,-104.7125,91.02,18,1,5.75
351,Kardzhin,RU,2021-08-03 21:55:10,43.2737,44.2907,77.45,60,3,4.32
352,Ulaanbaatar,MN,2021-08-03 21:55:10,47.9077,106.8832,53.73,87,75,8.95
353,Guerrero Negro,MX,2021-08-03 21:55:10,27.9769,-114.0611,84.22,50,83,12.35
354,Cairns,AU,2021-08-03 21:53:54,-16.9167,145.7667,70.07,94,40,1.14
355,Ranong,TH,2021-08-03 21:55:11,9.9658,98.6348,79.66,88,100,14.97
356,Camocim,BR,2021-08-03 21:55:11,-2.9022,-40.8411,78.13,78,14,8.08
357,Senneterre,CA,2021-08-03 21:55:12,48.3835,-77.2328,62.82,44,24,7.2
358,Jiangyou,CN,2021-08-03 21:55:12,31.7667,104.7167,74.01,83,46,5.48
359,Nabire,ID,2021-08-03 21:55:13,-3.3667,135.4833,74.66,91,100,2.06
360,Lachhmangarh,IN,2021-08-03 21:55:13,27.8214,75.0251,81.63,79,73,1.57
361,Atbasar,KZ,2021-08-03 21:55:13,51.8,68.3333,66.04,74,90,7.31
362,Lodwar,KE,2021-08-03 21:55:14,3.1191,35.5973,83.5,39,29,18.21
363,Canmore,CA,2021-08-03 21:55:14,51.0834,-115.3521,85.48,26,28,8.05
364,Pacific Grove,US,2021-08-03 21:55:00,36.6177,-121.9166,96.62,75,11,1.99
365,Itaberai,BR,2021-08-03 21:55:14,-16.0203,-49.8103,73.54,35,55,7.18
366,Wakkanai,JP,2021-08-03 21:55:15,45.4094,141.6739,72.32,92,91,3.65
367,Grand Gaube,MU,2021-08-03 21:55:15,-20.0064,57.6608,70.2,71,0,1.01
368,Komsomolskiy,UZ,2021-08-03 21:55:16,40.4272,71.7189,77.72,44,48,6.91
369,Minden,DE,2021-08-03 21:55:16,52.2833,8.9167,63.99,82,93,2.3
370,El Fuerte,MX,2021-08-03 21:55:16,26.4189,-108.6194,98.82,40,1,8.37
371,Caravelas,BR,2021-08-03 21:55:17,-17.7125,-39.2481,68.31,84,71,5.28
372,Chuy,UY,2021-08-03 21:55:17,-33.6971,-53.4616,50.23,91,4,5.08
373,Zhenjiang,CN,2021-08-03 21:55:17,32.2092,119.4342,80.8,94,16,1.01
374,Dali,CN,2021-08-03 21:55:18,25.7,100.1833,62.35,82,1,1.36
375,Cidreira,BR,2021-08-03 21:55:18,-30.1811,-50.2056,55.44,93,10,8.03
376,Fortuna,US,2021-08-03 21:55:19,40.5982,-124.1573,89.42,79,1,18.41
377,Tautira,PF,2021-08-03 21:55:19,-17.7333,-149.15,84.22,79,82,11.27
378,Lompoc,US,2021-08-03 21:54:07,34.6391,-120.4579,86.14,70,1,16.11
379,Pandan,PH,2021-08-03 21:55:19,14.0453,124.1694,84.33,72,100,15.1
380,Kruisfontein,ZA,2021-08-03 21:55:20,-34.0033,24.7314,55.2,72,0,8.16
381,Kyren,RU,2021-08-03 21:55:20,51.6828,102.1408,55.53,71,99,1.83
382,Nizwa,OM,2021-08-03 21:55:21,22.9333,57.5333,90.88,39,3,2.48
383,Nelson Bay,AU,2021-08-03 21:55:21,-32.7167,152.15,54.75,64,0,28.5
384,Itajai,BR,2021-08-03 21:54:31,-26.9078,-48.6619,63.19,88,20,9.22
385,Nantucket,US,2021-08-03 21:55:22,41.2835,-70.0995,75.02,87,100,8.37
386,Puerto Escondido,MX,2021-08-03 21:55:22,15.85,-97.0667,87.24,65,75,6.38
387,Salcedo,PH,2021-08-03 21:55:22,12.8105,121.4674,80.58,79,100,8.12
388,Rosetta,EG,2021-08-03 21:55:23,31.4044,30.4164,82.22,74,0,4.47
389,Ongandjera,NA,2021-08-03 21:55:23,-17.8833,15.0667,63.52,30,0,4.85
390,Lengshuijiang,CN,2021-08-03 21:55:24,27.6881,111.4294,77.02,92,31,3.71
391,Santa Maria,BR,2021-08-03 21:55:24,-29.6842,-53.8069,56.5,72,20,4.61
392,Puerto Carreno,CO,2021-08-03 21:55:24,6.189,-67.4859,72.64,92,100,3.02
393,Fallon,US,2021-08-03 21:52:02,39.4735,-118.7774,100.45,10,20,8.05
394,Shelburne,CA,2021-08-03 21:55:25,44.0787,-80.2041,77.56,62,88,6.02
395,Novikovo,RU,2021-08-03 21:55:25,51.1537,37.8879,62.56,78,49,4.97
396,Geraldton,AU,2021-08-03 21:55:25,-28.7667,114.6,45.01,81,0,8.05
397,Kondoa,TZ,2021-08-03 21:55:26,-4.9,35.7833,58.28,78,70,5.14
398,Ifanadiana,MG,2021-08-03 21:55:26,-21.3,47.6333,60.12,99,98,2.39
399,Miguel Hidalgo,MX,2021-08-03 21:55:27,19.4225,-99.2028,70.43,56,90,4.0
400,Montepuez,MZ,2021-08-03 21:55:27,-13.1256,38.9997,60.64,68,1,6.58
401,Blagoyevo,RU,2021-08-03 21:55:28,63.3667,47.9167,55.49,97,9,4.7
402,Seoni,IN,2021-08-03 21:55:28,22.0833,79.5333,69.94,93,92,7.27
403,Lasa,IT,2021-08-03 21:55:28,46.6166,10.7002,58.03,92,98,3.13
404,Pashiya,RU,2021-08-03 21:55:29,58.4324,58.2562,62.13,96,48,3.56
405,Sola,VU,2021-08-03 21:55:29,-13.8833,167.55,77.67,78,40,0.0
406,Marly,FR,2021-08-03 21:55:29,50.3456,3.5496,61.2,92,94,0.85
407,Anton,PA,2021-08-03 21:55:30,8.4,-80.2667,82.02,74,75,3.44
408,Maltahohe,NA,2021-08-03 21:55:30,-24.8333,16.9833,57.69,39,2,5.12
409,Laguna,US,2021-08-03 21:55:31,38.421,-121.4238,107.2,22,1,1.99
410,Bonnyville,CA,2021-08-03 21:55:31,54.2668,-110.735,81.72,35,41,13.11
411,Sioux Lookout,CA,2021-08-03 21:55:31,50.1001,-91.917,86.38,50,90,4.61
412,Asosa,ET,2021-08-03 21:55:32,10.0667,34.5333,60.28,90,100,4.09
413,Santa Marta,CO,2021-08-03 21:54:52,11.2408,-74.199,83.98,82,100,1.01
414,Ahuimanu,US,2021-08-03 21:55:32,21.4447,-157.8378,83.75,59,75,11.5
415,Banda Aceh,ID,2021-08-03 21:50:35,5.5577,95.3222,79.77,79,99,14.81
416,Santa Cruz De La Palma,ES,2021-08-03 21:55:33,28.6835,-17.7642,71.74,73,0,12.66
417,Sechura,PE,2021-08-03 21:55:33,-5.5569,-80.8222,76.01,58,40,13.2
418,Santa Rosa,PH,2021-08-03 21:55:33,14.3122,121.1114,82.38,82,100,9.57
419,Termoli,IT,2021-08-03 21:55:34,41.9888,14.9895,75.78,64,0,6.55
420,Najran,SA,2021-08-03 21:55:34,17.4924,44.1277,84.85,54,59,9.75
421,Meadow Lake,US,2021-08-03 21:55:35,34.8014,-106.5436,89.83,27,27,4.18
422,Olinda,BR,2021-08-03 21:50:59,-8.0089,-34.8553,76.73,78,40,11.5
423,Coahuayana,MX,2021-08-03 21:55:35,18.7333,-103.6833,89.01,64,16,6.17
424,Benalla,AU,2021-08-03 21:55:35,-36.55,145.9833,42.55,97,98,7.49
425,Pemberton,CA,2021-08-03 21:55:36,50.3164,-122.8027,96.49,19,0,6.89
426,Chake Chake,TZ,2021-08-03 21:55:36,-5.2459,39.7666,73.31,85,38,8.93
427,Ostrovnoy,RU,2021-08-03 21:55:36,68.0531,39.5131,57.07,88,89,21.18
428,Jalu,LY,2021-08-03 21:55:37,29.0331,21.5482,91.08,20,0,8.81
429,Kaupanger,NO,2021-08-03 21:55:37,61.1845,7.2404,52.11,77,50,3.06
430,Yar-Sale,RU,2021-08-03 21:55:38,66.8333,70.8333,55.76,90,46,9.35
431,Chicama,PE,2021-08-03 21:55:38,-7.8447,-79.1469,64.94,65,0,10.0
432,Mastic Beach,US,2021-08-03 21:55:38,40.7668,-72.8521,77.95,68,100,5.01
433,Darhan,MN,2021-08-03 21:55:39,49.4867,105.9228,57.45,78,100,0.63
434,North Platte,US,2021-08-03 21:51:16,41.1239,-100.7654,94.01,31,1,1.01
435,Marawi,PH,2021-08-03 21:55:40,7.9986,124.2928,66.65,86,100,4.88
436,Dolores,AR,2021-08-03 21:55:40,-36.3132,-57.6792,51.33,63,0,4.97
437,Lyubar,UA,2021-08-03 21:55:40,49.9204,27.7592,58.5,67,41,1.36
438,Alofi,NU,2021-08-03 21:55:41,-19.0595,-169.9187,75.09,64,40,8.05
439,Rawson,AR,2021-08-03 21:52:20,-43.3002,-65.1023,52.05,41,62,11.56
440,Vanimo,PG,2021-08-03 21:55:41,-2.6741,141.3028,78.31,90,38,4.41
441,Mazyr,BY,2021-08-03 21:55:42,52.0495,29.2456,56.55,70,53,4.47
442,Jawa,JO,2021-08-03 21:55:42,31.8525,35.9393,79.11,39,0,4.61
443,Mitu,CO,2021-08-03 21:55:42,1.1983,-70.1733,72.93,96,100,2.33
444,Cayhagan,PH,2021-08-03 21:55:43,9.6697,122.4256,80.96,85,100,10.87
445,Ixtapa,MX,2021-08-03 21:55:43,20.7,-105.2,86.23,81,66,7.0
446,Westport,US,2021-08-03 21:55:43,41.1415,-73.3579,78.28,60,100,3.0
447,Sorland,NO,2021-08-03 21:55:44,67.667,12.6934,52.05,84,99,12.77
448,Dongsheng,CN,2021-08-03 21:55:44,39.8161,109.9776,63.01,56,20,9.93
449,Sisimiut,GL,2021-08-03 21:55:44,66.9395,-53.6735,49.39,86,100,6.58
450,Huayang,CN,2021-08-03 21:55:45,34.4155,109.9939,63.63,93,100,0.89
451,Prado,BR,2021-08-03 21:52:01,-17.3411,-39.2208,69.01,82,56,6.46
452,Cap Malheureux,MU,2021-08-03 21:55:45,-19.9842,57.6142,70.29,71,0,1.01
453,Susanville,US,2021-08-03 21:55:46,40.4163,-120.653,96.82,14,1,3.0
454,Stephenville,US,2021-08-03 21:52:10,32.2207,-98.2023,91.92,40,75,3.44
455,Elat,IL,2021-08-03 21:55:46,29.5581,34.9482,93.04,31,0,0.0
456,Ostroda,PL,2021-08-03 21:55:47,53.6967,19.9649,56.68,80,82,1.88
457,Nago,JP,2021-08-03 21:55:47,26.5881,127.9761,81.03,90,100,18.52
458,Karacakoy,TR,2021-08-03 21:55:47,41.4029,28.3834,80.64,94,12,8.66
459,Manokwari,ID,2021-08-03 21:55:48,-0.8667,134.0833,78.17,81,98,3.36
460,Meulaboh,ID,2021-08-03 21:55:48,4.1363,96.1285,75.33,90,99,5.01
461,Labuhan,ID,2021-08-03 21:55:49,-6.8844,112.2051,75.56,90,64,6.22
462,Nyurba,RU,2021-08-03 21:55:49,63.2842,118.3319,64.18,68,98,8.28
463,Sungaipenuh,ID,2021-08-03 21:55:50,-2.0833,101.3833,64.09,97,83,1.43
464,Witu,KE,2021-08-03 21:55:50,-2.3889,40.4382,75.36,85,49,13.56
465,Navirai,BR,2021-08-03 21:55:50,-23.065,-54.1906,60.84,39,27,6.53
466,Garden City,US,2021-08-03 21:55:51,42.3256,-83.331,80.98,48,54,1.01
467,Lata,PT,2021-08-03 21:55:51,40.1629,-8.3327,65.91,96,100,3.29
468,La Paz,BO,2021-08-03 21:55:51,-16.5,-68.15,49.98,53,75,12.66
469,Tezu,IN,2021-08-03 21:55:52,27.9167,96.1667,76.06,90,25,3.69
470,Novoagansk,RU,2021-08-03 21:55:52,61.9449,76.6625,57.18,91,50,5.84
471,Carutapera,BR,2021-08-03 21:55:53,-1.195,-46.02,76.91,82,87,4.54
472,Plettenberg Bay,ZA,2021-08-03 21:55:53,-34.0527,23.3716,56.64,69,0,6.78
473,Arica,CL,2021-08-03 21:55:53,-18.475,-70.3042,61.03,77,90,5.75
474,Kirakira,SB,2021-08-03 21:55:54,-10.4544,161.9205,78.57,73,89,7.99
475,Saint-Francois,FR,2021-08-03 21:55:54,46.4154,3.9054,58.68,96,90,4.61
476,Rocha,UY,2021-08-03 21:55:54,-34.4833,-54.3333,47.55,92,1,2.77
477,Hofn,IS,2021-08-03 21:55:55,64.2539,-15.2082,53.82,91,91,3.62
478,Bad Bevensen,DE,2021-08-03 21:55:55,53.0833,10.5833,61.25,80,59,2.82
479,Ararangua,BR,2021-08-03 21:55:56,-28.9347,-49.4858,58.86,95,12,4.47
480,Shizunai,JP,2021-08-03 21:55:56,42.3339,142.3669,76.84,79,75,4.18
481,Trat,TH,2021-08-03 21:55:56,12.5,102.5,75.29,97,100,3.96
482,Verkhnevilyuysk,RU,2021-08-03 21:55:57,63.4453,120.3167,64.76,71,87,6.91
483,Lakhnau,IN,2021-08-03 21:52:49,26.85,80.9167,78.78,94,40,2.3
484,Hurghada,EG,2021-08-03 21:53:14,27.2574,33.8129,86.04,70,0,0.0
485,Half Moon Bay,US,2021-08-03 21:55:58,37.4636,-122.4286,95.74,63,20,19.57
486,Shubarshi,KZ,2021-08-03 21:55:58,48.5872,57.1869,80.82,30,6,4.7
487,Olafsvik,IS,2021-08-03 21:55:58,64.8945,-23.7142,54.41,88,98,6.22
488,Colares,PT,2021-08-03 21:55:59,38.7992,-9.4469,69.3,76,40,10.0
489,Panji,ID,2021-08-03 21:55:59,-7.7253,114.0995,73.54,84,47,5.1
490,Northam,GB,2021-08-03 21:56:00,51.0333,-4.2167,60.3,90,98,0.76
491,Caronport,CA,2021-08-03 21:56:00,50.4501,-105.8179,82.58,20,100,13.47
492,Canyon,US,2021-08-03 21:56:00,34.9803,-101.9188,89.47,31,65,11.12
493,Le Port,RE,2021-08-03 21:56:01,-20.9373,55.2919,69.8,62,0,6.08
494,Vila Do Maio,CV,2021-08-03 21:56:01,15.1333,-23.2167,75.99,91,98,12.71
495,Along,IN,2021-08-03 21:56:02,28.1667,94.7667,74.39,98,93,1.9
496,Dryden,CA,2021-08-03 21:56:02,49.7833,-92.7503,86.29,37,1,10.36
497,Price,US,2021-08-03 21:56:02,39.5994,-110.8107,85.71,23,1,15.1
498,Miri,MY,2021-08-03 21:56:03,4.4148,114.0089,77.14,94,40,0.0
499,Aldan,RU,2021-08-03 21:56:03,58.6031,125.3894,59.47,90,99,2.89
500,Road Town,VG,2021-08-03 21:56:03,18.4167,-64.6167,84.24,74,40,8.05
501,Sakit,IN,2021-08-03 21:56:04,27.45,78.8167,79.43,82,99,14.38
502,Lock Haven,US,2021-08-03 21:56:04,41.137,-77.4469,78.64,74,97,3.24
503,Mulanje,MW,2021-08-03 21:56:05,-16.0316,35.5,56.97,83,0,6.44
504,Salinas,US,2021-08-03 21:53:03,36.6777,-121.6555,97.02,64,1,8.05
505,Auki,SB,2021-08-03 21:56:05,-8.7676,160.7034,80.1,73,29,5.41
506,Nome,US,2021-08-03 21:56:06,64.5011,-165.4064,69.17,73,0,7.11
507,Adrar,MR,2021-08-03 21:56:06,20.5022,-10.0711,84.83,47,47,13.58
508,Medzilaborce,SK,2021-08-03 21:56:07,49.2719,21.9007,58.12,78,53,1.7
509,Touros,BR,2021-08-03 21:55:43,-5.1989,-35.4608,76.1,77,84,18.23
510,Xixiang,CN,2021-08-03 21:56:07,35.1628,112.865,75.85,81,76,1.81
511,Dukat,RU,2021-08-03 21:56:07,62.55,155.55,34.23,98,100,15.19
512,Evensk,RU,2021-08-03 21:56:08,61.95,159.2333,48.43,65,100,5.86
513,Aswan,EG,2021-08-03 21:56:08,24.0934,32.907,99.7,16,0,4.61
514,Sur,OM,2021-08-03 21:56:09,22.5667,59.5289,88.39,58,0,12.28
515,Preobrazheniye,RU,2021-08-03 21:56:09,42.9019,133.9064,72.79,95,98,6.55
516,Paulo Afonso,BR,2021-08-03 21:56:09,-9.4061,-38.2147,72.46,72,91,8.63
517,Ulladulla,AU,2021-08-03 21:56:10,-35.35,150.4667,50.9,54,12,17.02
518,Leningradskiy,RU,2021-08-03 21:56:10,69.3833,178.4167,36.18,98,100,5.68
519,Mayo,US,2021-08-03 21:56:11,38.8876,-76.5119,80.82,66,100,1.99
520,Beyneu,KZ,2021-08-03 21:56:11,45.3167,55.2,89.94,21,2,5.73
521,Maceio,BR,2021-08-03 21:51:14,-9.6658,-35.7353,72.84,94,75,5.75
522,Keelung,TW,2021-08-03 21:56:11,25.1283,121.7419,82.85,92,100,3.0
523,Monrovia,LR,2021-08-03 21:51:53,6.3005,-10.7969,76.77,78,36,8.52
524,Coruripe,BR,2021-08-03 21:56:12,-10.1256,-36.1756,71.73,86,60,10.36
525,Katobu,ID,2021-08-03 21:56:12,-4.9408,122.5276,73.09,94,90,3.38
526,Pravia,ES,2021-08-03 21:56:13,43.4906,-6.1508,65.68,94,75,13.8
527,Andra,RU,2021-08-03 21:56:13,62.5147,65.8878,56.7,79,4,2.91
528,Nalut,LY,2021-08-03 21:56:13,30.3333,10.85,89.62,11,0,11.83
529,Mbala,ZM,2021-08-03 21:56:14,-8.8402,31.3659,58.78,53,0,8.93
530,Oktyabrskoye,RU,2021-08-03 21:56:14,43.0645,44.7417,64.54,88,2,6.71
531,Asbe Teferi,ET,2021-08-03 21:56:15,9.0833,40.8667,60.57,82,41,6.53
532,Locri,IT,2021-08-03 21:56:15,38.2414,16.2623,82.81,53,2,5.08
533,East Massapequa,US,2021-08-03 21:56:15,40.6734,-73.4365,79.52,59,100,3.0
534,Trincomalee,LK,2021-08-03 21:56:16,8.5711,81.2335,81.07,75,91,21.54
535,San Quintin,MX,2021-08-03 21:56:16,30.4833,-115.95,78.64,56,0,15.59
536,La Ligua,CL,2021-08-03 21:56:17,-32.4524,-71.2311,51.58,82,0,2.15
537,Ayorou,NE,2021-08-03 21:56:17,14.7308,0.9174,96.04,34,38,2.98
538,Ondangwa,NA,2021-08-03 21:56:17,-17.9167,15.95,64.4,36,0,3.44
539,Ola,RU,2021-08-03 21:56:18,59.5833,151.2833,55.51,51,2,10.74
540,Santos Dumont,BR,2021-08-03 21:56:18,-21.4567,-43.5525,61.77,87,83,7.18
541,Diamantino,BR,2021-08-03 21:56:19,-14.4086,-56.4461,80.08,31,34,5.91
