City_ID,City,Country,Date,Lat,Lng,Max Temp,Humidity,Cloudiness,Wind Speed,Current Description
0,Bilibino,RU,2021-08-15 00:34:45,68.0546,166.4372,46.45,69,100,9.04,overcast clouds
1,Port Macquarie,AU,2021-08-15 00:31:25,-31.4333,152.9167,62.56,51,0,4.7,clear sky
2,Ferme-Neuve,CA,2021-08-15 00:34:45,46.7001,-75.4493,64.18,68,0,4.16,clear sky
3,Hermanus,ZA,2021-08-15 00:34:46,-34.4187,19.2345,53.91,77,0,11.34,clear sky
4,Ushuaia,AR,2021-08-15 00:34:46,-54.8,-68.3,35.26,75,0,3.44,clear sky
5,Paita,PE,2021-08-15 00:34:46,-5.0892,-81.1144,64.49,88,9,15.3,clear sky
6,Punta Arenas,CL,2021-08-15 00:34:47,-53.15,-70.9167,42.91,93,90,6.91,light rain
7,Mahebourg,MU,2021-08-15 00:34:47,-20.4081,57.7,70.09,73,75,11.5,light rain
8,Yellowknife,CA,2021-08-15 00:30:22,62.456,-114.3525,59.52,94,75,16.11,light rain
9,Tombouctou,ML,2021-08-15 00:34:47,20.0,-3.0,96.76,11,8,6.24,clear sky
10,Albany,US,2021-08-15 00:32:35,42.6001,-73.9662,72.25,54,14,1.99,few clouds
11,Okhotsk,RU,2021-08-15 00:34:48,59.3833,143.3,65.37,77,55,3.47,broken clouds
12,Ulaanbaatar,MN,2021-08-15 00:32:17,47.9077,106.8832,59.13,77,0,2.24,clear sky
13,Hanna,CA,2021-08-15 00:34:48,51.6334,-111.9018,98.24,15,57,5.99,broken clouds
14,Namibe,AO,2021-08-15 00:34:49,-15.1961,12.1522,64.9,90,28,2.86,scattered clouds
15,Suslovo,RU,2021-08-15 00:34:49,56.2167,88.1167,55.17,78,100,2.04,overcast clouds
16,Khatanga,RU,2021-08-15 00:34:50,71.9667,102.5,58.46,52,53,6.17,broken clouds
17,Bluff,NZ,2021-08-15 00:34:50,-46.6,168.3333,54.81,73,94,19.86,overcast clouds
18,Constitucion,CL,2021-08-15 00:34:51,-35.3333,-72.4167,47.28,88,99,1.74,overcast clouds
19,Kapaa,US,2021-08-15 00:34:51,22.0752,-159.319,87.78,67,1,5.01,clear sky
20,Itarema,BR,2021-08-15 00:34:51,-2.9248,-39.9167,75.97,79,10,7.54,clear sky
21,Roald,NO,2021-08-15 00:34:52,62.5833,6.1333,56.34,94,40,9.22,light rain
22,Kaitangata,NZ,2021-08-15 00:34:52,-46.2817,169.8464,54.43,64,85,10.47,overcast clouds
23,Codrington,AU,2021-08-15 00:34:53,-38.2667,141.9667,57.74,69,0,20.96,clear sky
24,Ceres,US,2021-08-15 00:34:53,37.5949,-120.9577,103.91,22,1,10.36,clear sky
25,Chicama,PE,2021-08-15 00:34:54,-7.8447,-79.1469,61.34,84,66,9.01,broken clouds
26,Vaini,TO,2021-08-15 00:34:54,-21.2,-175.2,73.56,68,40,10.36,scattered clouds
27,Vila Franca Do Campo,PT,2021-08-15 00:34:54,37.7167,-25.4333,73.81,89,60,11.83,broken clouds
28,Mount Isa,AU,2021-08-15 00:34:55,-20.7333,139.5,76.77,33,0,11.5,clear sky
29,Nikolskoye,RU,2021-08-15 00:34:55,59.7035,30.7861,62.49,94,100,6.85,light rain
30,Port Alfred,ZA,2021-08-15 00:34:55,-33.5906,26.891,56.7,73,20,5.99,few clouds
31,Qaanaaq,GL,2021-08-15 00:34:56,77.484,-69.3632,40.59,100,100,3.53,light rain
32,Salalah,OM,2021-08-15 00:34:56,17.0151,54.0924,77.09,94,75,4.61,light intensity drizzle
33,Dingle,PH,2021-08-15 00:34:57,10.9995,122.6711,84.24,71,12,3.0,light rain
34,Rikitea,PF,2021-08-15 00:34:57,-23.1203,-134.9692,74.66,81,2,17.74,clear sky
35,Coquimbo,CL,2021-08-15 00:30:44,-29.9533,-71.3436,53.33,82,90,5.75,overcast clouds
36,Mataura,NZ,2021-08-15 00:34:58,-46.1927,168.8643,54.48,64,84,7.85,broken clouds
37,Bredasdorp,ZA,2021-08-15 00:34:58,-34.5322,20.0403,50.29,87,0,0.0,clear sky
38,Mareeba,AU,2021-08-15 00:34:59,-17.0,145.4333,72.45,77,46,8.16,scattered clouds
39,Arraial Do Cabo,BR,2021-08-15 00:34:57,-22.9661,-42.0278,67.86,81,100,8.34,overcast clouds
40,Narsaq,GL,2021-08-15 00:34:59,60.9167,-46.05,50.22,89,100,1.92,overcast clouds
41,Kormilovka,RU,2021-08-15 00:34:59,55.0026,74.1028,56.95,78,93,4.65,overcast clouds
42,Vaitape,PF,2021-08-15 00:34:59,-16.5167,-151.75,79.03,72,10,6.46,clear sky
43,Dikson,RU,2021-08-15 00:35:00,73.5069,80.5464,50.22,90,100,16.93,overcast clouds
44,Kapit,MY,2021-08-15 00:35:00,2.0167,112.9333,75.25,98,100,1.14,overcast clouds
45,Noumea,NC,2021-08-15 00:33:35,-22.2763,166.4572,75.18,57,93,15.66,overcast clouds
46,Ballina,AU,2021-08-15 00:35:01,-28.8667,153.5667,72.79,88,40,0.0,scattered clouds
47,Barrow,US,2021-08-15 00:35:01,71.2906,-156.7887,44.62,93,90,17.27,mist
48,Hobart,AU,2021-08-15 00:31:40,-42.8794,147.3294,60.26,53,40,11.01,light rain
49,Butaritari,KI,2021-08-15 00:35:01,3.0707,172.7902,82.31,72,96,5.95,overcast clouds
50,Severo-Kurilsk,RU,2021-08-15 00:35:02,50.6789,156.125,57.67,80,6,9.98,clear sky
51,Shimanovsk,RU,2021-08-15 00:35:02,52.0,127.7,74.71,54,0,3.2,clear sky
52,Port Elizabeth,ZA,2021-08-15 00:35:02,-33.918,25.5701,55.69,82,0,5.75,clear sky
53,Carman,CA,2021-08-15 00:35:03,49.4992,-98.0016,92.32,23,3,4.61,clear sky
54,Rumoi,JP,2021-08-15 00:35:03,43.9344,141.6428,68.92,62,17,1.97,few clouds
55,Hilo,US,2021-08-15 00:33:20,19.7297,-155.09,83.93,62,1,9.22,clear sky
56,Moerai,PF,2021-08-15 00:35:03,-22.4333,-151.3333,73.18,76,7,7.29,clear sky
57,Bambous Virieux,MU,2021-08-15 00:35:04,-20.3428,57.7575,70.05,73,75,11.5,light rain
58,Qasigiannguit,GL,2021-08-15 00:35:04,68.8193,-51.1922,46.65,99,98,1.14,light rain
59,Pangai,TO,2021-08-15 00:35:05,-19.8,-174.35,75.31,50,20,11.5,few clouds
60,Lebu,CL,2021-08-15 00:35:05,-37.6167,-73.65,45.9,86,67,1.83,broken clouds
61,Ribeira Grande,PT,2021-08-15 00:35:05,38.5167,-28.7,71.67,81,85,12.75,overcast clouds
62,Nanortalik,GL,2021-08-15 00:35:06,60.1432,-45.2371,48.24,97,100,5.1,overcast clouds
63,Antofagasta,CL,2021-08-15 00:31:28,-23.65,-70.4,56.48,78,49,5.19,scattered clouds
64,San Quintin,MX,2021-08-15 00:35:06,30.4833,-115.95,74.01,71,11,15.03,few clouds
65,Pringsewu,ID,2021-08-15 00:35:07,-5.3582,104.9744,77.09,85,84,0.6,light rain
66,Grand Gaube,MU,2021-08-15 00:35:07,-20.0064,57.6608,70.2,75,100,5.01,overcast clouds
67,Busselton,AU,2021-08-15 00:35:08,-33.65,115.3333,52.7,75,0,8.3,clear sky
68,Bonfim,BR,2021-08-15 00:35:08,3.0833,-59.95,73.62,94,95,2.51,overcast clouds
69,Brae,GB,2021-08-15 00:35:08,60.3964,-1.353,53.51,93,100,13.38,overcast clouds
70,Saint-Philippe,RE,2021-08-15 00:35:09,-21.3585,55.7679,67.59,77,94,15.08,overcast clouds
71,Souillac,MU,2021-08-15 00:35:09,-20.5167,57.5167,70.18,73,75,11.5,light rain
72,Torbay,CA,2021-08-15 00:30:19,47.6666,-52.7314,72.75,94,90,5.75,overcast clouds
73,Georgetown,MY,2021-08-15 00:30:15,5.4112,100.3354,78.89,92,20,3.44,few clouds
74,Altamira,BR,2021-08-15 00:35:10,-3.2033,-52.2064,75.72,80,83,1.77,broken clouds
75,Banda Aceh,ID,2021-08-15 00:35:10,5.5577,95.3222,77.5,86,100,14.58,overcast clouds
76,Cape Town,ZA,2021-08-15 00:35:09,-33.9258,18.4232,54.12,81,0,2.3,clear sky
77,Kodiak,US,2021-08-15 00:35:11,57.79,-152.4072,62.11,45,1,13.8,clear sky
78,Vence,FR,2021-08-15 00:35:11,43.7216,7.1123,77.02,62,0,4.61,clear sky
79,Eisenerz,AT,2021-08-15 00:35:11,47.5333,14.8833,68.05,87,0,1.81,clear sky
80,Kalmunai,LK,2021-08-15 00:35:12,7.4167,81.8167,79.2,80,100,4.56,overcast clouds
81,Mantua,IT,2021-08-15 00:35:12,45.1667,10.7833,79.84,78,0,1.01,clear sky
82,Puerto Ayora,EC,2021-08-15 00:35:12,-0.7393,-90.3518,69.55,92,95,4.0,overcast clouds
83,Tomatlan,MX,2021-08-15 00:35:13,19.9333,-105.25,82.65,81,5,5.08,clear sky
84,Kasongo,CD,2021-08-15 00:35:13,-4.45,26.6667,74.28,54,87,1.57,overcast clouds
85,Tual,ID,2021-08-15 00:35:13,-5.6667,132.75,79.54,86,84,18.72,broken clouds
86,Necochea,AR,2021-08-15 00:35:14,-38.5473,-58.7368,46.04,77,0,9.69,clear sky
87,Pisco,PE,2021-08-15 00:35:14,-13.7,-76.2167,62.65,82,0,4.61,clear sky
88,Taitung,TW,2021-08-15 00:35:15,22.7583,121.1444,84.47,79,75,2.3,broken clouds
89,Atuona,PF,2021-08-15 00:35:15,-9.8,-139.0333,78.55,79,23,20.13,few clouds
90,Ambilobe,MG,2021-08-15 00:35:16,-13.2,49.05,65.86,82,0,3.36,clear sky
91,Lavrentiya,RU,2021-08-15 00:35:16,65.5833,-171.0,53.83,74,100,9.84,overcast clouds
92,Carutapera,BR,2021-08-15 00:35:17,-1.195,-46.02,75.11,91,77,5.17,broken clouds
93,Scottsbluff,US,2021-08-15 00:34:28,41.8666,-103.6672,94.32,35,1,4.0,clear sky
94,Bethel,US,2021-08-15 00:35:17,41.3712,-73.414,81.18,70,20,8.05,few clouds
95,Yarmouth,US,2021-08-15 00:31:29,41.7057,-70.2286,82.45,85,1,3.44,clear sky
96,Chuy,UY,2021-08-15 00:35:19,-33.6971,-53.4616,54.97,96,100,3.74,overcast clouds
97,Geraldton,AU,2021-08-15 00:35:19,-28.7667,114.6,52.21,71,0,10.36,clear sky
98,Broken Hill,AU,2021-08-15 00:32:04,-31.95,141.4333,62.31,34,11,1.14,few clouds
99,Tucupita,VE,2021-08-15 00:35:20,9.0622,-62.051,73.74,98,100,4.7,overcast clouds
100,Taman,RU,2021-08-15 00:35:20,45.2117,36.7161,70.12,89,99,21.79,overcast clouds
101,Mar Del Plata,AR,2021-08-15 00:35:20,-38.0023,-57.5575,46.42,100,0,5.75,fog
102,Palmer,US,2021-08-15 00:33:28,42.1584,-72.3287,78.73,61,40,9.22,scattered clouds
103,Chokurdakh,RU,2021-08-15 00:35:21,70.6333,147.9167,44.56,68,100,12.62,overcast clouds
104,Visby,SE,2021-08-15 00:35:21,57.6409,18.296,61.86,77,40,23.02,scattered clouds
105,Saurimo,AO,2021-08-15 00:35:21,-9.6608,20.3916,68.4,55,58,2.53,broken clouds
106,Hofn,IS,2021-08-15 00:35:22,64.2539,-15.2082,49.3,88,100,5.82,overcast clouds
107,Krasnyy Yar,RU,2021-08-15 00:35:22,46.5331,48.3456,71.53,77,0,7.92,clear sky
108,Meulaboh,ID,2021-08-15 00:35:23,4.1363,96.1285,73.44,95,100,5.79,overcast clouds
109,Luanda,AO,2021-08-15 00:31:10,-8.8368,13.2343,71.6,88,20,8.05,few clouds
110,Alugan,PH,2021-08-15 00:35:23,12.2188,125.4808,82.85,72,30,6.49,scattered clouds
111,Castro,BR,2021-08-15 00:35:23,-24.7911,-50.0119,55.09,93,100,4.45,overcast clouds
112,Sioux Lookout,CA,2021-08-15 00:35:24,50.1001,-91.917,80.98,38,75,8.05,broken clouds
113,Bilma,NE,2021-08-15 00:35:24,18.6853,12.9164,91.54,26,81,9.04,broken clouds
114,Chilca,PE,2021-08-15 00:35:25,-12.5211,-76.7372,64.62,86,47,8.48,scattered clouds
115,Haines Junction,CA,2021-08-15 00:35:25,60.7522,-137.5108,60.75,44,100,10.36,overcast clouds
116,Kingisepp,RU,2021-08-15 00:35:25,59.3733,28.6134,56.01,92,100,7.23,overcast clouds
117,Banepa,NP,2021-08-15 00:35:26,27.6298,85.5214,68.32,100,75,2.3,drizzle
118,Abu Kamal,SY,2021-08-15 00:35:26,34.4506,40.9171,84.61,42,0,14.65,clear sky
119,Upernavik,GL,2021-08-15 00:35:26,72.7868,-56.1549,44.62,98,100,17.18,moderate rain
120,Deputatskiy,RU,2021-08-15 00:35:27,69.3,139.9,45.66,60,100,2.48,overcast clouds
121,Mount Gambier,AU,2021-08-15 00:35:27,-37.8333,140.7667,57.11,72,0,19.57,clear sky
122,Alghero,IT,2021-08-15 00:35:28,40.5589,8.3181,75.29,83,0,4.61,clear sky
123,Saldanha,ZA,2021-08-15 00:35:28,-33.0117,17.9442,48.25,65,6,8.19,clear sky
124,Namatanai,PG,2021-08-15 00:35:29,-3.6667,152.4333,85.44,67,12,7.45,few clouds
125,Talnakh,RU,2021-08-15 00:35:30,69.4865,88.3972,54.79,80,100,9.95,overcast clouds
126,Puerto Padre,CU,2021-08-15 00:35:31,21.195,-76.6028,85.21,83,39,9.69,scattered clouds
127,Minsk,BY,2021-08-15 00:34:05,53.9,27.5667,64.15,95,18,5.82,few clouds
128,Kruisfontein,ZA,2021-08-15 00:35:31,-34.0033,24.7314,46.89,83,2,3.83,clear sky
129,Jamestown,US,2021-08-15 00:35:30,42.097,-79.2353,71.19,63,1,5.75,clear sky
130,Zonguldak,TR,2021-08-15 00:35:32,41.25,31.8333,55.0,92,0,3.65,clear sky
131,Norman Wells,CA,2021-08-15 00:35:32,65.282,-126.8329,55.44,76,90,6.91,light rain
132,Caribou,US,2021-08-15 00:35:33,46.8606,-68.012,72.03,79,1,0.0,clear sky
133,Riyadh,SA,2021-08-15 00:33:45,24.6877,46.7219,87.94,16,100,3.98,overcast clouds
134,Bubaque,GW,2021-08-15 00:35:33,11.2833,-15.8333,78.82,84,100,16.42,moderate rain
135,Abu Samrah,SY,2021-08-15 00:35:34,35.3029,37.1841,74.77,66,0,7.65,clear sky
136,Abnub,EG,2021-08-15 00:35:34,27.2696,31.1511,80.82,31,0,8.43,clear sky
137,Dzilam Gonzalez,MX,2021-08-15 00:35:35,21.2833,-88.9333,79.38,83,4,4.81,clear sky
138,Bathsheba,BB,2021-08-15 00:35:35,13.2167,-59.5167,77.61,88,75,18.41,broken clouds
139,Tilichiki,RU,2021-08-15 00:35:35,60.4667,166.1,61.99,63,78,7.14,broken clouds
140,Sorland,NO,2021-08-15 00:35:36,67.667,12.6934,52.11,79,99,22.68,overcast clouds
141,East London,ZA,2021-08-15 00:35:36,-33.0153,27.9116,58.32,66,100,4.74,overcast clouds
142,Jalu,LY,2021-08-15 00:35:36,29.0331,21.5482,81.25,41,0,11.14,clear sky
143,Muroto,JP,2021-08-15 00:35:37,33.2833,134.15,80.64,95,100,23.44,overcast clouds
144,Peshkovo,RU,2021-08-15 00:35:37,47.0187,39.3885,68.85,94,100,6.73,overcast clouds
145,Marystown,CA,2021-08-15 00:35:38,47.1666,-55.1483,64.71,98,64,3.89,broken clouds
146,Muisne,EC,2021-08-15 00:35:38,0.6,-80.0333,73.98,87,100,6.96,overcast clouds
147,Inhambane,MZ,2021-08-15 00:35:38,-23.865,35.3833,65.07,70,100,8.59,overcast clouds
148,Kavieng,PG,2021-08-15 00:35:39,-2.5744,150.7967,85.82,68,63,12.46,light rain
149,Buta,CD,2021-08-15 00:35:39,2.7858,24.73,67.77,89,100,1.12,overcast clouds
150,Bulgan,MN,2021-08-15 00:35:40,48.8125,103.5347,62.78,80,47,2.68,scattered clouds
151,Vaasa,FI,2021-08-15 00:35:40,63.096,21.6158,55.94,100,24,6.91,shower rain
152,Tabou,CI,2021-08-15 00:35:40,4.423,-7.3528,74.32,77,4,6.73,clear sky
153,Kasempa,ZM,2021-08-15 00:35:41,-13.4584,25.8338,59.52,51,0,8.03,clear sky
154,Alihe,CN,2021-08-15 00:35:41,50.5667,123.7167,67.59,66,100,1.74,overcast clouds
155,Nabire,ID,2021-08-15 00:35:41,-3.3667,135.4833,83.98,70,88,2.35,overcast clouds
156,Pevek,RU,2021-08-15 00:35:42,69.7008,170.3133,36.19,96,100,15.43,light rain
157,Cidreira,BR,2021-08-15 00:35:42,-30.1811,-50.2056,58.46,97,38,11.18,scattered clouds
158,Hasaki,JP,2021-08-15 00:35:42,35.7333,140.8333,66.6,92,100,24.43,overcast clouds
159,Katsuura,JP,2021-08-15 00:35:43,35.1333,140.3,68.11,95,100,9.4,overcast clouds
160,The Valley,AI,2021-08-15 00:35:43,18.217,-63.0578,83.1,86,21,22.39,few clouds
161,Pareora,NZ,2021-08-15 00:35:44,-44.4871,171.2132,52.97,50,98,0.69,overcast clouds
162,Catamarca,AR,2021-08-15 00:35:44,-28.4696,-65.7852,47.64,33,0,7.96,clear sky
163,Nautla,MX,2021-08-15 00:35:44,20.2167,-96.7833,82.44,72,3,5.12,clear sky
164,Touros,BR,2021-08-15 00:35:45,-5.1989,-35.4608,76.1,86,10,17.76,clear sky
165,Yulara,AU,2021-08-15 00:35:45,-25.2406,130.9889,64.24,25,5,11.5,clear sky
166,Davila,PH,2021-08-15 00:35:45,18.4726,120.5763,82.38,70,100,7.61,overcast clouds
167,Nadym,RU,2021-08-15 00:35:46,65.5333,72.5167,62.65,70,3,19.33,clear sky
168,Ola,RU,2021-08-15 00:35:46,59.5833,151.2833,59.25,87,90,5.79,overcast clouds
169,Vorukh,TJ,2021-08-15 00:35:46,39.8494,70.5838,63.18,46,100,5.1,overcast clouds
170,Sitka,US,2021-08-15 00:35:47,57.0531,-135.33,58.89,67,90,0.0,light rain
171,Manitouwadge,CA,2021-08-15 00:35:47,49.1215,-85.8403,61.52,62,28,8.28,scattered clouds
172,Faya,SA,2021-08-15 00:35:48,18.3851,42.4509,69.91,33,15,2.42,few clouds
173,Avarua,CK,2021-08-15 00:35:48,-21.2078,-159.775,75.25,73,75,9.22,broken clouds
174,Amot,NO,2021-08-15 00:35:48,59.5714,7.9877,46.51,92,100,4.16,overcast clouds
175,Aklavik,CA,2021-08-15 00:35:49,68.2191,-135.0107,65.12,42,58,12.12,broken clouds
176,Victoria,HK,2021-08-15 00:35:49,22.2855,114.1577,82.45,89,100,1.01,light rain
177,Waipawa,NZ,2021-08-15 00:35:49,-41.4122,175.5153,52.43,53,0,3.38,clear sky
178,Rio Gallegos,AR,2021-08-15 00:35:50,-51.6226,-69.2181,42.85,87,0,2.3,clear sky
179,Sao Jose Da Coroa Grande,BR,2021-08-15 00:35:50,-8.8978,-35.1478,73.24,87,33,8.39,scattered clouds
180,Tasiilaq,GL,2021-08-15 00:35:51,65.6145,-37.6368,42.96,93,51,2.3,broken clouds
181,Hwange,ZW,2021-08-15 00:35:51,-18.3693,26.5019,60.21,69,29,6.8,scattered clouds
182,Naze,JP,2021-08-15 00:35:51,28.3667,129.4833,81.52,80,100,13.94,overcast clouds
183,Ukiah,US,2021-08-15 00:35:52,39.1502,-123.2078,105.03,17,1,6.91,clear sky
184,Labuhan,ID,2021-08-15 00:35:52,-6.8844,112.2051,80.47,75,16,7.11,few clouds
185,Rabo De Peixe,PT,2021-08-15 00:35:53,37.8,-25.5833,72.91,88,75,8.05,broken clouds
186,Constantine,DZ,2021-08-15 00:35:53,36.365,6.6147,74.61,40,0,2.3,clear sky
187,Saint Andrews,US,2021-08-15 00:35:53,34.0454,-81.1293,83.98,78,75,1.01,broken clouds
188,Qui Nhon,VN,2021-08-15 00:35:54,13.7667,109.2333,86.07,61,90,6.33,overcast clouds
189,Saskylakh,RU,2021-08-15 00:35:54,71.9167,114.0833,55.2,50,91,7.49,overcast clouds
190,Ilulissat,GL,2021-08-15 00:35:55,69.2167,-51.1,46.42,93,90,9.22,light rain
191,Moncton,CA,2021-08-15 00:34:06,46.1159,-64.8019,77.49,81,75,9.22,broken clouds
192,Les Cayes,HT,2021-08-15 00:35:55,18.2,-73.75,78.96,83,29,1.72,scattered clouds
193,Zeya,RU,2021-08-15 00:35:55,53.75,127.2667,72.66,57,2,2.89,clear sky
194,Lagoa,PT,2021-08-15 00:35:56,39.05,-27.9833,71.04,81,79,12.3,broken clouds
195,Alofi,NU,2021-08-15 00:35:56,-19.0595,-169.9187,75.09,64,45,14.97,scattered clouds
196,Sao Gabriel Da Cachoeira,BR,2021-08-15 00:35:56,-0.1303,-67.0892,71.92,95,93,2.21,overcast clouds
197,Muslyumovo,RU,2021-08-15 00:35:57,55.3033,53.1947,63.64,71,100,4.65,light rain
198,Banamba,ML,2021-08-15 00:35:57,13.55,-7.45,71.06,93,100,8.41,overcast clouds
199,Bengkulu,ID,2021-08-15 00:35:58,-3.8004,102.2655,77.67,85,100,2.93,overcast clouds
200,Sangar,RU,2021-08-15 00:35:58,63.9242,127.4739,65.44,76,100,5.91,overcast clouds
201,Erding,DE,2021-08-15 00:35:58,48.306,11.9069,70.23,100,0,1.14,clear sky
202,Henties Bay,NA,2021-08-15 00:35:59,-22.116,14.2845,56.86,81,0,7.34,clear sky
203,Sumenep,ID,2021-08-15 00:35:59,-7.0167,113.8667,84.24,64,7,15.19,clear sky
204,Puerto Escondido,MX,2021-08-15 00:36:00,15.85,-97.0667,86.83,66,40,5.75,scattered clouds
205,Zhigansk,RU,2021-08-15 00:36:00,66.7697,123.3711,49.32,66,100,12.91,overcast clouds
206,Dharchula,IN,2021-08-15 00:36:01,29.85,80.5333,70.57,84,9,3.06,clear sky
207,Hithadhoo,MV,2021-08-15 00:36:01,-0.6,73.0833,82.09,74,80,17.4,broken clouds
208,Cayenne,GF,2021-08-15 00:36:02,4.9333,-52.3333,81.09,83,0,1.01,clear sky
209,Husavik,IS,2021-08-15 00:36:02,66.0449,-17.3389,48.11,86,41,5.12,scattered clouds
210,Kumano,JP,2021-08-15 00:36:02,34.3442,132.5894,72.77,86,99,5.08,overcast clouds
211,Tuatapere,NZ,2021-08-15 00:36:03,-46.1333,167.6833,54.82,72,73,7.18,broken clouds
212,Brownsville,US,2021-08-15 00:36:03,25.9018,-97.4975,87.91,69,1,9.22,clear sky
213,Taoudenni,ML,2021-08-15 00:36:03,22.6783,-3.9836,98.28,10,12,6.62,few clouds
214,Aykhal,RU,2021-08-15 00:36:04,66.0,111.5,52.41,69,100,8.77,overcast clouds
215,Clyde River,CA,2021-08-15 00:34:19,70.4692,-68.5914,39.9,93,100,1.7,overcast clouds
216,Ahmadpur East,PK,2021-08-15 00:36:05,29.1431,71.2598,83.21,61,5,15.66,clear sky
217,Hobyo,SO,2021-08-15 00:36:05,5.3505,48.5268,76.62,84,3,22.91,clear sky
218,Jhang,PK,2021-08-15 00:36:05,33.6748,72.6963,74.61,72,100,5.57,overcast clouds
219,Los Llanos De Aridane,ES,2021-08-15 00:36:06,28.6585,-17.9182,69.55,83,0,14.97,clear sky
220,Longyearbyen,SJ,2021-08-15 00:36:06,78.2186,15.6401,42.64,75,75,9.22,broken clouds
221,Hanmer Springs,NZ,2021-08-15 00:36:07,-42.5167,172.8167,50.9,61,11,7.58,few clouds
222,Tuktoyaktuk,CA,2021-08-15 00:36:07,69.4541,-133.0374,60.8,55,75,11.5,broken clouds
223,Minab,IR,2021-08-15 00:36:07,27.1467,57.0801,89.1,69,90,0.94,overcast clouds
224,Hilton Head Island,US,2021-08-15 00:34:57,32.2163,-80.7526,80.98,89,1,0.0,clear sky
225,Solok,ID,2021-08-15 00:36:08,-0.7918,100.6593,71.96,97,100,1.21,overcast clouds
226,Grindavik,IS,2021-08-15 00:36:08,63.8424,-22.4338,51.75,87,75,9.22,broken clouds
227,Chegdomyn,RU,2021-08-15 00:36:09,51.1167,133.0167,71.51,68,18,2.04,few clouds
228,Nanning,CN,2021-08-15 00:33:05,22.8167,108.3167,79.25,93,100,8.01,overcast clouds
229,Mackenzie,CA,2021-08-15 00:36:09,55.2999,-123.1698,75.42,31,1,12.66,clear sky
230,Uarini,BR,2021-08-15 00:36:10,-2.99,-65.1083,74.66,81,100,2.35,overcast clouds
231,Esperance,AU,2021-08-15 00:36:10,-33.8667,121.9,53.44,64,87,4.16,overcast clouds
232,Pouebo,NC,2021-08-15 00:36:10,-20.4,164.5667,73.08,53,14,18.28,few clouds
233,Tura,IN,2021-08-15 00:36:11,25.5198,90.2201,75.67,96,100,4.14,overcast clouds
234,Mwense,ZM,2021-08-15 00:36:11,-10.3845,28.698,64.06,45,0,9.15,clear sky
235,Koshurnikovo,RU,2021-08-15 00:36:11,54.1667,93.3,57.34,92,94,0.92,overcast clouds
236,Port Moresby,PG,2021-08-15 00:36:12,-9.4431,147.1797,85.42,66,20,11.5,haze
237,Yinchuan,CN,2021-08-15 00:36:12,38.4681,106.2731,75.2,50,13,6.62,few clouds
238,Vardo,NO,2021-08-15 00:36:13,70.3705,31.1107,49.17,84,67,7.92,broken clouds
239,San Policarpo,PH,2021-08-15 00:36:13,12.1791,125.5072,82.63,73,39,6.73,scattered clouds
240,Oistins,BB,2021-08-15 00:33:07,13.0667,-59.5333,77.09,88,75,18.41,broken clouds
241,Jabinyanah,TN,2021-08-15 00:36:13,35.035,10.9081,84.0,71,0,4.81,clear sky
242,Portland,US,2021-08-15 00:32:06,45.5234,-122.6762,98.2,43,90,1.01,smoke
243,Port Hardy,CA,2021-08-15 00:36:14,50.6996,-127.4199,68.18,73,75,5.75,broken clouds
244,Thompson,CA,2021-08-15 00:36:14,55.7435,-97.8558,78.96,53,75,5.75,broken clouds
245,Innisfail,AU,2021-08-15 00:36:14,-17.5333,146.0333,71.42,88,95,9.66,overcast clouds
246,Buala,SB,2021-08-15 00:36:15,-8.145,159.5921,85.06,69,64,6.35,broken clouds
247,Mildura,AU,2021-08-15 00:36:15,-34.2,142.15,61.07,54,90,3.44,overcast clouds
248,Marsh Harbour,BS,2021-08-15 00:36:15,26.5412,-77.0636,83.1,67,100,14.45,overcast clouds
249,Kibala,TD,2021-08-15 00:36:16,9.1104,18.3463,75.15,88,20,0.0,few clouds
250,Batemans Bay,AU,2021-08-15 00:36:16,-35.7167,150.1833,59.2,31,86,2.3,overcast clouds
251,Buchanan,LR,2021-08-15 00:36:17,5.8808,-10.0467,75.83,75,100,6.42,overcast clouds
252,New Norfolk,AU,2021-08-15 00:36:17,-42.7826,147.0587,59.92,57,100,8.01,overcast clouds
253,Cherskiy,RU,2021-08-15 00:36:17,68.75,161.3,45.19,74,100,11.86,overcast clouds
254,Ahipara,NZ,2021-08-15 00:36:18,-35.1667,173.1667,57.34,53,52,7.4,broken clouds
255,Vestmannaeyjar,IS,2021-08-15 00:36:18,63.4427,-20.2734,53.83,85,7,19.13,clear sky
256,Beira,MZ,2021-08-15 00:36:19,-19.8436,34.8389,69.89,73,75,13.8,light rain
257,Santa Cruz De Tenerife,ES,2021-08-15 00:36:19,28.4682,-16.2546,85.59,53,0,9.22,clear sky
258,Lakes Entrance,AU,2021-08-15 00:36:20,-37.8811,147.981,62.19,43,3,11.79,clear sky
259,Alyangula,AU,2021-08-15 00:36:20,-13.8483,136.4192,82.27,61,0,8.05,clear sky
260,Sungaipenuh,ID,2021-08-15 00:36:20,-2.0833,101.3833,67.19,92,95,2.21,overcast clouds
261,Carnarvon,AU,2021-08-15 00:36:21,-24.8667,113.6333,51.87,33,0,8.05,clear sky
262,Trelew,AR,2021-08-15 00:36:21,-43.249,-65.3051,48.92,66,100,7.27,overcast clouds
263,Chernyshevskiy,RU,2021-08-15 00:36:21,63.0128,112.4714,57.94,84,100,5.53,overcast clouds
264,Marica,BR,2021-08-15 00:36:22,-22.9194,-42.8186,66.15,88,98,6.38,overcast clouds
265,Chapais,CA,2021-08-15 00:32:43,49.7834,-74.8492,58.78,82,13,4.45,few clouds
266,Kinkala,CG,2021-08-15 00:36:22,-4.3614,14.7644,72.72,76,29,4.16,scattered clouds
267,Iqaluit,CA,2021-08-15 00:36:23,63.7506,-68.5145,44.33,87,75,6.91,moderate rain
268,Quilmana,PE,2021-08-15 00:36:23,-12.95,-76.3833,63.05,80,61,4.61,broken clouds
269,Tabuk,PH,2021-08-15 00:36:23,17.4189,121.4443,79.43,79,99,3.47,overcast clouds
270,Hovd,MN,2021-08-15 00:36:24,48.0056,91.6419,64.9,52,100,3.04,overcast clouds
271,Ponta Do Sol,PT,2021-08-15 00:36:24,32.6667,-17.1,76.12,34,31,2.06,scattered clouds
272,Rundu,NA,2021-08-15 00:36:25,-17.9333,19.7667,58.26,31,5,7.43,clear sky
273,Ostrovnoy,RU,2021-08-15 00:36:25,68.0531,39.5131,50.38,79,100,10.09,overcast clouds
274,Nouadhibou,MR,2021-08-15 00:36:25,20.931,-17.0347,73.38,83,0,4.61,clear sky
275,Kottapalli,IN,2021-08-15 00:36:26,18.4833,79.1,79.14,75,100,6.44,overcast clouds
276,Faanui,PF,2021-08-15 00:36:26,-16.4833,-151.75,79.03,72,10,6.6,clear sky
277,Solnechnyy,RU,2021-08-15 00:36:27,50.7214,136.6319,74.77,47,11,4.12,few clouds
278,Saint-Francois,FR,2021-08-15 00:36:27,46.4154,3.9054,74.17,94,0,1.14,clear sky
279,Leh,IN,2021-08-15 00:36:27,34.1667,77.5833,54.28,52,99,6.62,overcast clouds
280,Bagdarin,RU,2021-08-15 00:36:28,54.4333,113.6,63.48,71,16,4.09,few clouds
281,Sabzevar,IR,2021-08-15 00:36:28,36.2126,57.6819,71.85,26,0,7.76,clear sky
282,Kavaratti,IN,2021-08-15 00:36:28,10.5669,72.642,81.23,77,100,16.26,overcast clouds
283,Edd,ER,2021-08-15 00:36:29,13.9297,41.6925,92.37,46,100,4.79,overcast clouds
284,Port-Gentil,GA,2021-08-15 00:36:29,-0.7193,8.7815,77.07,86,100,13.0,overcast clouds
285,Moose Factory,CA,2021-08-15 00:36:30,51.2585,-80.6094,64.4,68,40,8.05,scattered clouds
286,Diffa,NE,2021-08-15 00:36:30,13.3154,12.6113,79.11,74,100,5.88,overcast clouds
287,Mehamn,NO,2021-08-15 00:36:30,71.0357,27.8492,46.78,76,100,9.35,overcast clouds
288,Srednekolymsk,RU,2021-08-15 00:36:31,67.45,153.6833,48.85,62,98,13.94,overcast clouds
289,Isangel,VU,2021-08-15 00:36:31,-19.55,169.2667,75.31,60,75,10.36,broken clouds
290,Pemangkat,ID,2021-08-15 00:36:31,1.1667,108.9667,80.46,80,100,4.32,overcast clouds
291,Korla,CN,2021-08-15 00:36:32,41.7597,86.1469,77.49,32,100,5.1,overcast clouds
292,Provideniya,RU,2021-08-15 00:36:32,64.3833,-173.3,56.64,72,100,9.15,overcast clouds
293,Sambava,MG,2021-08-15 00:36:33,-14.2667,50.1667,67.3,85,10,12.06,clear sky
294,Galveston,US,2021-08-15 00:36:33,29.3669,-94.9669,90.14,75,1,8.05,clear sky
295,Camacari,BR,2021-08-15 00:36:33,-12.6975,-38.3242,76.77,91,57,4.25,broken clouds
296,Pshekhskaya,RU,2021-08-15 00:36:34,44.696,39.7967,66.72,86,100,6.24,overcast clouds
297,Ndele,CF,2021-08-15 00:36:34,8.4109,20.6473,69.84,98,97,2.33,overcast clouds
298,Cabo San Lucas,MX,2021-08-15 00:36:35,22.8909,-109.9124,90.81,67,20,10.0,few clouds
299,Komsomolskiy,UZ,2021-08-15 00:36:35,40.4272,71.7189,77.72,25,100,16.11,overcast clouds
300,Bolshaya Glushitsa,RU,2021-08-15 00:36:36,50.2406,43.5908,67.23,68,100,9.73,overcast clouds
301,Airai,TL,2021-08-15 00:36:36,-8.9266,125.4092,70.18,45,1,5.14,clear sky
302,Loiza,PR,2021-08-15 00:36:36,18.4313,-65.8802,84.18,81,20,11.5,few clouds
303,Carbonia,IT,2021-08-15 00:36:37,39.1672,8.5222,79.75,61,0,1.95,clear sky
304,Huilong,CN,2021-08-15 00:36:37,31.8111,121.655,77.04,93,100,12.71,heavy intensity rain
305,Ambanja,MG,2021-08-15 00:36:37,-13.6833,48.45,69.35,74,38,3.13,scattered clouds
306,Yerbogachen,RU,2021-08-15 00:36:38,61.2767,108.0108,68.92,65,99,6.87,overcast clouds
307,Nouakchott,MR,2021-08-15 00:32:55,18.0858,-15.9785,82.33,85,63,13.65,broken clouds
308,Adelaide,AU,2021-08-15 00:35:24,-34.9333,138.6,60.85,59,0,1.01,clear sky
309,Mogadishu,SO,2021-08-15 00:36:38,2.0371,45.3438,75.58,84,90,18.72,light rain
310,Trinidad,BO,2021-08-15 00:36:39,-14.8333,-64.9,73.35,42,0,3.24,clear sky
311,Oban,GB,2021-08-15 00:36:39,56.4127,-5.4706,50.86,95,75,1.39,broken clouds
312,Gelemso,ET,2021-08-15 00:36:40,8.8167,40.5167,60.04,77,21,6.96,few clouds
313,Kishi,NG,2021-08-15 00:36:40,9.0833,3.85,70.3,97,79,4.83,broken clouds
314,Herat,AF,2021-08-15 00:36:40,34.5,62.0,66.24,24,0,10.98,clear sky
315,Quatre Cocos,MU,2021-08-15 00:36:41,-20.2078,57.7625,69.91,76,97,18.25,light rain
316,Dunedin,NZ,2021-08-15 00:31:42,-45.8742,170.5036,53.35,52,100,5.46,overcast clouds
317,Rosetta,EG,2021-08-15 00:36:41,31.4044,30.4164,80.42,78,0,8.7,clear sky
318,Lorengau,PG,2021-08-15 00:36:42,-2.0226,147.2712,85.12,69,67,9.22,broken clouds
319,Kovur,IN,2021-08-15 00:36:42,14.4833,79.9833,79.86,72,100,11.18,overcast clouds
320,Kapuskasing,CA,2021-08-15 00:36:43,49.4169,-82.4331,66.29,67,75,4.61,broken clouds
321,Riobamba,EC,2021-08-15 00:36:43,-1.6667,-78.6333,53.35,86,100,4.74,overcast clouds
322,Muyezerskiy,RU,2021-08-15 00:36:43,63.9333,31.65,53.98,98,100,8.23,overcast clouds
323,Tiarei,PF,2021-08-15 00:36:44,-17.5333,-149.3333,84.22,74,21,5.91,few clouds
324,Mocuba,MZ,2021-08-15 00:36:44,-16.8392,36.9856,62.6,97,24,4.07,few clouds
325,Kibre Mengist,ET,2021-08-15 00:36:45,5.8833,38.9833,57.9,92,82,5.88,broken clouds
326,Lodingen,NO,2021-08-15 00:36:45,68.414,15.9951,52.34,79,82,10.0,broken clouds
327,Port Lincoln,AU,2021-08-15 00:36:45,-34.7333,135.8667,60.01,54,0,13.09,clear sky
328,Hami,CN,2021-08-15 00:36:46,42.8,93.45,87.85,18,100,8.28,overcast clouds
329,Fairbanks,US,2021-08-15 00:33:54,64.8378,-147.7164,57.09,58,75,4.0,broken clouds
330,Mendi,PG,2021-08-15 00:36:46,-6.1761,143.6513,71.24,51,61,3.51,broken clouds
331,Gizo,SB,2021-08-15 00:36:46,-8.103,156.8419,83.17,75,97,9.93,moderate rain
332,Roebourne,AU,2021-08-15 00:36:47,-20.7833,117.1333,76.95,24,64,7.07,broken clouds
333,Axim,GH,2021-08-15 00:36:47,4.8699,-2.2405,74.91,84,9,7.54,clear sky
334,Camacha,PT,2021-08-15 00:36:48,33.0833,-16.3333,69.22,83,40,11.5,scattered clouds
335,Kirkuk,IQ,2021-08-15 00:36:48,35.4681,44.3922,86.16,25,0,6.46,clear sky
336,Dhana,IN,2021-08-15 00:36:48,23.75,78.85,74.79,84,63,9.53,broken clouds
337,Poum,NC,2021-08-15 00:36:49,-20.2333,164.0167,71.44,57,1,14.7,clear sky
338,Liliani,PK,2021-08-15 00:36:49,32.2065,72.9537,80.26,71,62,10.71,broken clouds
339,Halifax,CA,2021-08-15 00:33:15,44.6453,-63.5724,72.41,91,20,1.99,few clouds
340,Lyngseidet,NO,2021-08-15 00:36:50,69.5763,20.2189,46.49,92,93,4.56,overcast clouds
341,Matara,LK,2021-08-15 00:36:50,5.9485,80.5353,78.76,82,100,13.04,overcast clouds
342,Ambunti,PG,2021-08-15 00:36:50,-4.2365,142.8448,85.37,69,72,1.95,broken clouds
343,Kharitonovo,RU,2021-08-15 00:36:51,61.4009,47.4978,54.82,92,80,4.68,broken clouds
344,Paamiut,GL,2021-08-15 00:36:51,61.994,-49.6678,45.79,99,100,11.92,overcast clouds
345,Lazaro Cardenas,MX,2021-08-15 00:36:52,17.9583,-102.2,82.53,81,7,5.14,clear sky
346,Filingue,NE,2021-08-15 00:36:52,14.3521,3.3168,82.85,68,2,11.05,clear sky
347,Alice,US,2021-08-15 00:36:52,27.7523,-98.0697,90.97,59,1,9.22,clear sky
348,Dongying,CN,2021-08-15 00:36:53,37.4564,118.4856,78.96,60,1,4.61,light rain
349,Port Blair,IN,2021-08-15 00:36:53,11.6667,92.75,77.04,100,90,6.91,drizzle
350,Dongning,CN,2021-08-15 00:36:53,44.0622,131.1207,75.56,40,17,2.98,few clouds
351,San Cristobal,VE,2021-08-15 00:36:54,7.7669,-72.225,73.58,97,100,2.51,overcast clouds
352,Zitsa,GR,2021-08-15 00:36:54,39.6943,20.6372,78.66,77,0,0.0,clear sky
353,Alvorada,BR,2021-08-15 00:33:23,-12.48,-49.1247,76.96,30,0,4.18,clear sky
354,Shenkursk,RU,2021-08-15 00:36:55,62.1091,42.896,55.49,94,100,5.79,overcast clouds
355,Wanning,CN,2021-08-15 00:36:55,18.8003,110.3967,86.29,70,88,11.36,overcast clouds
356,Caravelas,BR,2021-08-15 00:36:56,-17.7125,-39.2481,67.84,84,4,4.99,clear sky
357,Bad Rappenau,DE,2021-08-15 00:36:56,49.2406,9.1025,69.69,87,0,0.83,clear sky
358,Quchan,IR,2021-08-15 00:36:57,37.106,58.5095,60.66,37,0,3.96,clear sky
359,Road Town,VG,2021-08-15 00:36:57,18.4167,-64.6167,84.29,89,40,9.22,scattered clouds
360,Vicosa,BR,2021-08-15 00:36:57,-20.7539,-42.8819,64.36,79,53,3.74,broken clouds
361,Pacific Grove,US,2021-08-15 00:34:02,36.6177,-121.9166,85.15,84,75,1.99,broken clouds
362,Hambantota,LK,2021-08-15 00:36:58,6.1241,81.1185,80.94,78,75,11.5,broken clouds
363,Coos Bay,US,2021-08-15 00:36:11,43.3665,-124.2179,98.85,77,1,14.97,clear sky
364,Vao,NC,2021-08-15 00:36:58,-22.6667,167.4833,67.42,67,13,18.07,few clouds
365,Mahon,ES,2021-08-15 00:36:58,39.8885,4.2658,77.56,100,20,5.75,few clouds
366,Aripuana,BR,2021-08-15 00:34:46,-9.1667,-60.6333,77.74,43,100,0.92,overcast clouds
367,Bahia Honda,CU,2021-08-15 00:36:59,22.9036,-83.1592,77.25,90,100,9.66,light rain
368,Qostanay,KZ,2021-08-15 00:36:59,53.1667,63.5833,61.21,45,10,5.95,clear sky
369,Kerema,PG,2021-08-15 00:37:00,-7.9631,145.7785,82.54,77,100,5.66,overcast clouds
370,Phayao,TH,2021-08-15 00:37:00,19.25,100.25,71.96,100,100,2.37,overcast clouds
371,Hoquiam,US,2021-08-15 00:32:15,46.9809,-123.8893,87.93,60,90,8.05,overcast clouds
372,Saint-Georges,GD,2021-08-15 00:37:01,12.0564,-61.7485,82.08,83,75,17.27,broken clouds
373,Lompoc,US,2021-08-15 00:37:01,34.6391,-120.4579,83.79,73,1,10.36,clear sky
374,Havre-Saint-Pierre,CA,2021-08-15 00:37:01,50.2334,-63.5986,66.56,100,90,0.0,overcast clouds
375,Timizart,DZ,2021-08-15 00:37:02,36.8,4.2667,83.57,25,0,7.09,clear sky
376,Kurilsk,RU,2021-08-15 00:37:02,45.2333,147.8833,58.84,69,2,6.4,clear sky
377,Kautokeino,NO,2021-08-15 00:37:03,69.0125,23.0412,48.54,82,100,10.87,overcast clouds
378,Traian,RO,2021-08-15 00:37:03,46.6333,27.0333,65.34,88,0,1.14,light rain
379,Ondjiva,AO,2021-08-15 00:37:03,-17.0667,15.7333,58.64,37,4,6.02,clear sky
380,Sovetskiy,RU,2021-08-15 00:37:04,61.3614,63.5842,58.91,75,7,9.19,clear sky
381,Playas,EC,2021-08-15 00:37:04,-2.6333,-80.3833,70.02,88,62,12.86,broken clouds
382,Lasa,IT,2021-08-15 00:37:04,46.6166,10.7002,70.68,86,0,2.64,clear sky
383,Beloha,MG,2021-08-15 00:37:05,-25.1667,45.05,59.83,70,96,11.61,overcast clouds
384,Altay,CN,2021-08-15 00:37:05,47.8667,88.1167,59.16,75,100,2.01,overcast clouds
385,Prainha,BR,2021-08-15 00:37:06,-1.8,-53.48,72.84,95,87,3.31,overcast clouds
386,Tanete,ID,2021-08-15 00:37:06,-3.9443,119.7848,84.7,62,33,11.79,scattered clouds
387,Coracora,PE,2021-08-15 00:37:06,-15.0333,-73.7833,46.49,53,88,2.35,overcast clouds
388,Umm Lajj,SA,2021-08-15 00:37:07,25.0213,37.2685,88.86,41,64,7.61,broken clouds
389,Broome,US,2021-08-15 00:37:07,42.2506,-75.833,68.38,78,1,9.22,clear sky
390,Guerrero Negro,MX,2021-08-15 00:37:08,27.9769,-114.0611,76.77,67,99,20.29,overcast clouds
391,Verkhnevilyuysk,RU,2021-08-15 00:37:08,63.4453,120.3167,64.54,72,99,1.41,overcast clouds
392,Porto Santo,PT,2021-08-15 00:37:09,33.072,-16.3415,71.98,83,40,11.5,scattered clouds
393,Sabang,ID,2021-08-15 00:37:09,5.8933,95.3214,79.25,82,100,26.17,overcast clouds
394,Aguacatan,GT,2021-08-15 00:37:09,15.3431,-91.3117,74.5,82,75,0.0,broken clouds
395,Reykjavik,IS,2021-08-15 00:37:10,64.1355,-21.8954,51.82,82,75,8.05,broken clouds
396,Pishin,PK,2021-08-15 00:37:10,30.5803,66.9961,72.5,45,0,4.43,clear sky
397,Vanavara,RU,2021-08-15 00:37:11,60.34,102.2797,61.27,80,100,4.18,light rain
398,Orichi,RU,2021-08-15 00:37:11,58.4036,49.0572,57.42,82,100,5.35,overcast clouds
399,Pangnirtung,CA,2021-08-15 00:37:11,66.1451,-65.7125,46.4,93,90,2.3,light rain
400,Najran,SA,2021-08-15 00:37:12,17.4924,44.1277,81.25,25,58,0.67,broken clouds
401,Acapulco,MX,2021-08-15 00:33:51,16.8634,-99.8901,85.82,79,75,9.22,broken clouds
402,Eyl,SO,2021-08-15 00:37:12,7.9803,49.8164,77.34,71,71,24.09,broken clouds
403,Oksbol,DK,2021-08-15 00:37:13,55.6268,8.2876,61.83,78,100,22.03,overcast clouds
404,Manyana,BW,2021-08-15 00:37:13,-23.4,21.7167,52.93,70,0,12.28,clear sky
405,Dod Ballapur,IN,2021-08-15 00:37:14,13.2919,77.5431,69.64,88,100,9.73,overcast clouds
406,Adrar,MR,2021-08-15 00:37:14,20.5022,-10.0711,95.45,18,54,2.37,broken clouds
407,Isiolo,KE,2021-08-15 00:37:15,0.3546,37.5822,65.88,68,6,12.33,clear sky
408,Great Falls,US,2021-08-15 00:34:53,47.5002,-111.3008,92.93,12,1,13.8,haze
409,Baykit,RU,2021-08-15 00:37:15,61.67,96.37,56.77,93,100,3.53,overcast clouds
410,Manakara,MG,2021-08-15 00:37:15,-22.1333,48.0167,62.65,85,100,8.39,light rain
411,West Wendover,US,2021-08-15 00:37:16,40.7391,-114.0733,99.61,11,1,8.05,clear sky
412,Japura,ID,2021-08-15 00:37:16,-0.3167,102.35,77.18,86,100,2.53,overcast clouds
413,Salinas,US,2021-08-15 00:35:39,36.6777,-121.6555,85.57,75,75,8.05,broken clouds
414,Ravar,IR,2021-08-15 00:37:17,31.2656,56.8055,78.44,20,1,0.45,clear sky
415,Udachnyy,RU,2021-08-15 00:37:17,66.4167,112.4,55.06,57,94,8.59,overcast clouds
416,Puerto Madero,MX,2021-08-15 00:37:18,14.7208,-92.4215,82.6,89,75,9.22,broken clouds
417,Kurtalan,TR,2021-08-15 00:37:18,37.9272,41.7028,68.22,34,0,4.47,clear sky
418,Bambanglipuro,ID,2021-08-15 00:37:18,-7.95,110.2833,79.92,75,5,5.93,clear sky
419,Maniitsoq,GL,2021-08-15 00:37:19,65.4167,-52.9,44.8,97,100,13.65,overcast clouds
420,Besikduzu,TR,2021-08-15 00:37:19,41.052,39.2284,73.29,76,100,5.91,overcast clouds
421,Ucluelet,CA,2021-08-15 00:32:41,48.9329,-125.5528,90.05,84,93,4.07,overcast clouds
422,Iracoubo,GF,2021-08-15 00:37:20,5.4802,-53.2011,76.66,90,81,8.25,broken clouds
423,San Jose,US,2021-08-15 00:35:55,37.3394,-121.895,88.88,56,40,12.66,haze
424,Buraydah,SA,2021-08-15 00:37:20,26.326,43.975,90.05,16,98,8.48,overcast clouds
425,Pingliang,CN,2021-08-15 00:37:20,35.5392,106.6861,67.1,75,29,7.9,scattered clouds
426,Asau,RO,2021-08-15 00:37:21,46.4333,26.4,62.96,82,2,4.21,clear sky
427,Panyutyne,UA,2021-08-15 00:37:21,48.9333,36.2833,62.53,66,62,7.65,broken clouds
428,Serra,BR,2021-08-15 00:37:22,-20.1286,-40.3078,72.86,78,90,4.61,overcast clouds
429,Mutare,ZW,2021-08-15 00:37:22,-18.9707,32.6709,53.69,94,100,3.96,light rain
430,Orange,US,2021-08-15 00:36:30,33.7,-117.7675,101.59,64,75,3.0,broken clouds
431,Burewala,PK,2021-08-15 00:33:25,30.1667,72.65,87.78,44,0,9.04,clear sky
432,Tres Picos,MX,2021-08-15 00:37:23,15.8667,-93.5333,81.59,84,49,2.59,scattered clouds
433,Griffith,US,2021-08-15 00:37:23,41.5284,-87.4237,75.31,53,1,1.01,clear sky
434,Along,IN,2021-08-15 00:37:23,28.1667,94.7667,74.97,100,100,0.74,overcast clouds
435,Montepuez,MZ,2021-08-15 00:37:24,-13.1256,38.9997,64.58,70,0,9.93,clear sky
436,Ihosy,MG,2021-08-15 00:37:24,-22.4,46.1167,52.88,87,61,11.43,broken clouds
437,Muros,ES,2021-08-15 00:37:25,42.7762,-9.0603,66.99,85,3,7.43,clear sky
438,Paramonga,PE,2021-08-15 00:37:25,-10.6667,-77.8333,62.96,83,54,8.97,broken clouds
439,Sibolga,ID,2021-08-15 00:37:25,1.7427,98.7792,77.32,86,100,2.01,overcast clouds
440,Zhezkazgan,KZ,2021-08-15 00:37:26,47.8043,67.7144,57.18,50,7,8.46,clear sky
441,Tiksi,RU,2021-08-15 00:37:26,71.6872,128.8694,46.24,71,100,7.67,overcast clouds
442,Hervey Bay,AU,2021-08-15 00:37:27,-25.2986,152.8535,71.71,65,11,3.71,few clouds
443,Kununurra,AU,2021-08-15 00:37:27,-15.7667,128.7333,82.38,26,75,11.5,broken clouds
444,Okha,RU,2021-08-15 00:37:27,53.5739,142.9478,70.03,53,100,10.63,overcast clouds
445,Bainbridge,US,2021-08-15 00:37:28,47.6262,-122.5212,92.17,57,1,1.99,smoke
446,Kemijarvi,FI,2021-08-15 00:37:28,66.7131,27.4306,56.14,97,100,3.87,light rain
447,Padang,ID,2021-08-15 00:37:29,-0.9492,100.3543,76.93,89,100,3.36,overcast clouds
448,Ancud,CL,2021-08-15 00:37:29,-41.8697,-73.8203,44.42,87,99,4.52,overcast clouds
449,Verkhoyansk,RU,2021-08-15 00:37:29,67.5447,133.385,48.4,76,100,3.76,overcast clouds
450,Tecoanapa,MX,2021-08-15 00:37:30,16.5167,-98.75,82.29,75,30,3.91,scattered clouds
451,America Dourada,BR,2021-08-15 00:37:30,-11.4553,-41.4361,62.67,77,6,7.18,clear sky
452,Saint George,US,2021-08-15 00:34:49,37.1041,-113.5841,102.94,21,1,15.99,clear sky
453,Elk City,US,2021-08-15 00:37:31,35.412,-99.4043,84.69,54,1,0.0,clear sky
454,Lisakovsk,KZ,2021-08-15 00:37:31,52.5369,62.4936,62.56,41,49,6.33,scattered clouds
455,Pinega,RU,2021-08-15 00:37:31,64.7001,43.3936,51.35,97,100,5.26,overcast clouds
456,Sao Filipe,CV,2021-08-15 00:37:32,14.8961,-24.4956,74.8,79,91,8.75,overcast clouds
457,Zhengjiatun,CN,2021-08-15 00:37:32,43.5064,123.5064,72.39,74,97,3.33,overcast clouds
458,Calvinia,ZA,2021-08-15 00:37:32,-31.4707,19.776,42.06,85,0,9.84,clear sky
459,Yar-Sale,RU,2021-08-15 00:37:33,66.8333,70.8333,58.59,72,15,17.58,few clouds
460,Ayr,GB,2021-08-15 00:37:33,55.4627,-4.6339,53.31,93,20,0.0,few clouds
461,Port Hedland,AU,2021-08-15 00:37:34,-20.3167,118.5667,78.85,24,90,8.05,overcast clouds
462,La Ronge,CA,2021-08-15 00:37:34,55.1001,-105.2842,88.05,29,75,6.91,haze
463,Pakxan,LA,2021-08-15 00:37:35,18.3778,103.6601,74.5,99,100,5.1,light rain
464,Bodden Town,KY,2021-08-15 00:37:35,19.2833,-81.25,82.4,84,20,1.01,few clouds
465,Gazojak,TM,2021-08-15 00:37:35,41.1875,61.4036,68.07,25,0,10.6,clear sky
466,Orlik,RU,2021-08-15 00:37:36,52.5178,99.825,62.58,67,27,1.52,scattered clouds
467,Barth,DE,2021-08-15 00:37:36,54.3635,12.7249,60.12,78,89,16.96,overcast clouds
468,Olavarria,AR,2021-08-15 00:37:36,-36.8927,-60.3225,44.06,83,0,5.37,clear sky
469,Mwinilunga,ZM,2021-08-15 00:37:37,-11.7358,24.4293,60.39,39,0,5.26,clear sky
470,Gavle,SE,2021-08-15 00:37:37,60.6745,17.1417,52.95,92,100,10.8,overcast clouds
471,Ongandjera,NA,2021-08-15 00:37:38,-17.8833,15.0667,60.4,36,0,7.81,clear sky
472,Hudiksvall,SE,2021-08-15 00:37:38,61.729,17.1036,50.52,74,97,8.16,overcast clouds
473,Leningradskiy,RU,2021-08-15 00:37:39,69.3833,178.4167,36.81,95,100,16.6,overcast clouds
474,Cabedelo,BR,2021-08-15 00:37:39,-6.9811,-34.8339,74.07,90,8,12.95,clear sky
475,San Patricio,US,2021-08-15 00:37:39,28.017,-97.5169,91.49,61,67,11.83,broken clouds
476,Kenai,US,2021-08-15 00:35:24,60.5544,-151.2583,62.65,63,75,9.22,broken clouds
477,Praia Da Vitoria,PT,2021-08-15 00:35:54,38.7333,-27.0667,73.65,83,20,3.31,few clouds
478,Bandundu,CD,2021-08-15 00:37:40,-3.3167,17.3667,76.84,64,78,3.0,broken clouds
479,Kloulklubed,PW,2021-08-15 00:37:40,7.0419,134.2556,82.9,71,90,9.28,overcast clouds
480,Hamilton,US,2021-08-15 00:34:11,39.1834,-84.5333,78.75,61,1,1.01,clear sky
481,Paro,BT,2021-08-15 00:37:41,27.4305,89.4133,63.05,98,100,1.36,overcast clouds
482,Ritchie,ZA,2021-08-15 00:37:41,-29.038,24.6028,38.41,90,0,7.83,clear sky
483,Oro Valley,US,2021-08-15 00:37:42,32.3909,-110.9665,84.06,72,100,4.0,overcast clouds
484,Canico,PT,2021-08-15 00:37:42,32.6333,-16.85,76.12,78,20,2.3,few clouds
485,Kysyl-Syr,RU,2021-08-15 00:37:43,63.8986,122.7617,61.95,75,27,4.21,light rain
486,Waingapu,ID,2021-08-15 00:37:43,-9.6567,120.2641,83.71,56,0,16.96,clear sky
487,Kedougou,SN,2021-08-15 00:37:43,12.5579,-12.1743,77.58,94,75,4.61,moderate rain
488,Boyolangu,ID,2021-08-15 00:37:44,-8.1181,111.8935,78.64,78,25,4.68,scattered clouds
489,Turukhansk,RU,2021-08-15 00:37:44,65.8167,87.9833,58.78,63,88,9.15,overcast clouds
490,Biaora,IN,2021-08-15 00:37:45,23.8667,76.9167,73.49,86,82,6.06,broken clouds
491,Komsomolets,KZ,2021-08-15 00:37:45,53.7453,62.0708,61.52,43,13,4.9,few clouds
492,Boa Vista,BR,2021-08-15 00:37:45,2.8197,-60.6733,80.58,78,40,2.3,scattered clouds
493,Katherine,AU,2021-08-15 00:37:46,-14.4667,132.2667,77.32,57,90,9.22,overcast clouds
494,Byron Bay,AU,2021-08-15 00:37:46,-28.65,153.6167,75.06,64,0,0.51,clear sky
495,Petropavlovsk-Kamchatskiy,RU,2021-08-15 00:37:46,53.0452,158.6483,63.19,63,0,4.47,clear sky
496,Shimoda,JP,2021-08-15 00:37:47,34.6667,138.95,80.71,95,100,11.12,overcast clouds
497,Wattegama,LK,2021-08-15 00:37:47,6.7989,81.4808,79.72,82,100,1.14,overcast clouds
498,Zhoucheng,CN,2021-08-15 00:37:48,35.9122,116.3117,77.14,75,0,3.83,clear sky
499,Jacmel,HT,2021-08-15 00:37:48,18.2342,-72.5347,85.84,80,7,3.0,clear sky
500,Teruel,ES,2021-08-15 00:37:49,40.6667,-0.6667,82.36,28,28,9.1,scattered clouds
501,Sept-Iles,CA,2021-08-15 00:33:36,50.2001,-66.3821,64.92,98,90,1.01,fog
502,Itaituba,BR,2021-08-15 00:37:49,-4.2761,-55.9836,72.34,98,99,1.68,overcast clouds
503,Tarko-Sale,RU,2021-08-15 00:37:49,64.9225,77.785,62.62,75,100,17.0,overcast clouds
504,Ust-Nera,RU,2021-08-15 00:37:50,64.5667,143.2,65.98,55,92,2.8,overcast clouds
505,Marshfield,US,2021-08-15 00:37:18,44.6689,-90.1718,78.53,46,1,3.44,clear sky
506,Atbasar,KZ,2021-08-15 00:37:50,51.8,68.3333,58.93,54,29,2.8,scattered clouds
507,Nishihara,JP,2021-08-15 00:37:51,26.1842,127.7558,85.66,89,40,9.22,scattered clouds
508,Ust-Ishim,RU,2021-08-15 00:37:51,57.6935,71.1665,56.93,76,0,4.5,clear sky
509,Kibondo,TZ,2021-08-15 00:37:52,-3.5864,30.7203,62.64,52,5,2.55,clear sky
510,Santa Maria,BR,2021-08-15 00:37:52,-29.6842,-53.8069,56.5,100,0,0.0,clear sky
511,Barra Dos Coqueiros,BR,2021-08-15 00:37:52,-10.9089,-37.0386,73.42,88,75,3.44,broken clouds
512,Manokwari,ID,2021-08-15 00:37:53,-0.8667,134.0833,82.42,70,85,5.35,moderate rain
513,Tupiza,BO,2021-08-15 00:37:53,-21.45,-65.7167,51.89,13,91,8.23,overcast clouds
514,Orcopampa,PE,2021-08-15 00:37:54,-15.2661,-72.3417,45.09,58,60,3.8,broken clouds
515,Hanko,FI,2021-08-15 00:37:54,59.8333,22.95,60.84,73,31,24.56,scattered clouds
516,Karratha,AU,2021-08-15 00:37:54,-20.7377,116.8463,76.01,29,73,6.98,broken clouds
517,Sibu,MY,2021-08-15 00:37:55,2.3,111.8167,73.71,94,40,2.3,light rain
518,Vostok,RU,2021-08-15 00:37:55,46.4856,135.8833,70.56,52,52,4.38,broken clouds
519,Awbari,LY,2021-08-15 00:37:56,26.5921,12.7805,80.51,30,0,11.83,clear sky
520,Rincon,US,2021-08-15 00:37:56,32.296,-81.2354,82.85,88,75,11.5,light rain
521,Fortuna,US,2021-08-15 00:37:57,40.5982,-124.1573,66.92,65,1,1.01,clear sky
522,Te Anau,NZ,2021-08-15 00:37:57,-45.4167,167.7167,45.0,94,100,6.73,overcast clouds
523,Maldonado,UY,2021-08-15 00:37:51,-34.6667,-54.9167,54.79,95,100,2.73,overcast clouds
524,Dalvik,IS,2021-08-15 00:37:57,65.9702,-18.5286,48.13,75,39,2.3,scattered clouds
525,Sola,VU,2021-08-15 00:37:58,-13.8833,167.55,81.27,69,90,11.5,overcast clouds
526,Maceio,BR,2021-08-15 00:37:58,-9.6658,-35.7353,72.84,100,75,8.05,broken clouds
527,Gravdal,NO,2021-08-15 00:37:58,68.1214,13.5031,50.31,81,84,16.24,broken clouds
528,Amarante Do Maranhao,BR,2021-08-15 00:37:59,-5.5667,-46.7422,77.99,41,23,3.51,few clouds
529,Sao Miguel Do Araguaia,BR,2021-08-15 00:37:59,-13.275,-50.1628,77.74,28,0,2.01,clear sky
530,Harper,LR,2021-08-15 00:38:00,4.375,-7.7169,74.82,74,9,6.67,clear sky
531,Goundam,ML,2021-08-15 00:38:00,16.4145,-3.6708,93.87,26,100,12.46,overcast clouds
532,Tigre,AR,2021-08-15 00:38:01,-34.426,-58.5796,55.29,89,0,4.61,clear sky
533,North Myrtle Beach,US,2021-08-15 00:38:01,33.816,-78.68,82.69,85,1,1.01,clear sky
534,Juneau,US,2021-08-15 00:35:21,58.3019,-134.4197,60.8,86,90,0.0,light rain
535,Palmas,BR,2021-08-15 00:38:01,-10.2128,-48.3603,78.67,44,0,8.05,clear sky
536,Skelleftea,SE,2021-08-15 00:38:02,64.7507,20.9528,55.76,69,90,2.3,overcast clouds
537,Stratford-Upon-Avon,GB,2021-08-15 00:38:02,52.1917,-1.7073,63.21,89,7,6.33,clear sky
538,Carballo,ES,2021-08-15 00:38:02,43.213,-8.691,65.91,90,70,2.17,broken clouds
539,Nome,US,2021-08-15 00:34:23,64.5011,-165.4064,48.27,93,90,14.97,mist
540,San Matias,BO,2021-08-15 00:38:03,-16.3667,-58.4,73.81,37,2,4.09,clear sky
541,College,US,2021-08-15 00:38:03,64.8569,-147.8028,55.58,57,75,13.8,broken clouds
542,Zaoyang,CN,2021-08-15 00:38:04,32.1272,112.7542,76.75,81,47,1.79,light rain
543,Opuwo,NA,2021-08-15 00:38:04,-18.0607,13.84,58.98,49,0,2.35,clear sky
544,Mesyagutovo,RU,2021-08-15 00:38:04,55.5303,58.2528,56.93,79,87,1.03,overcast clouds
545,Sakakah,SA,2021-08-15 00:38:05,29.9697,40.2064,85.57,19,2,6.82,clear sky
546,Ewo,CG,2021-08-15 00:38:05,-0.8725,14.8206,79.59,57,96,2.55,overcast clouds
547,Brooks,CA,2021-08-15 00:38:06,50.5834,-111.8851,94.78,19,7,6.91,clear sky
548,Luderitz,NA,2021-08-15 00:38:06,-26.6481,15.1594,60.89,40,0,5.88,clear sky
549,Awka,NG,2021-08-15 00:38:06,6.2101,7.0741,73.13,95,100,5.14,overcast clouds
550,Khasan,RU,2021-08-15 00:38:07,42.4308,130.6434,69.21,70,34,6.69,scattered clouds
551,Dataganj,IN,2021-08-15 00:38:07,28.0333,79.4,80.89,79,99,4.74,overcast clouds
552,Panaba,MX,2021-08-15 00:38:08,21.2833,-88.2667,80.35,78,1,8.37,clear sky
553,Luorong,CN,2021-08-15 00:38:08,24.4058,109.6086,79.61,87,100,2.46,light rain
554,Goderich,CA,2021-08-15 00:38:09,43.7501,-81.7165,67.91,59,0,5.75,clear sky
555,Burns Lake,CA,2021-08-15 00:38:09,54.2331,-125.7533,69.22,61,100,8.43,overcast clouds
556,Bac Lieu,VN,2021-08-15 00:38:09,9.285,105.7244,82.06,76,100,2.86,overcast clouds
557,Guadalajara,MX,2021-08-15 00:34:20,20.6667,-103.3333,78.57,50,75,0.0,broken clouds
558,Mitu,CO,2021-08-15 00:38:10,1.1983,-70.1733,69.08,99,100,0.96,overcast clouds
559,Salisbury,GB,2021-08-15 00:38:10,51.0693,-1.7957,62.1,92,75,9.22,broken clouds
560,Tocopilla,CL,2021-08-15 00:38:11,-22.092,-70.1979,61.18,71,71,5.79,broken clouds
561,Kalevala,RU,2021-08-15 00:38:11,65.2,31.1667,55.74,96,97,8.43,overcast clouds
562,Gimbi,ET,2021-08-15 00:38:11,9.1667,35.8333,52.88,98,99,2.28,light rain
563,Celestun,MX,2021-08-15 00:38:12,20.8667,-90.4,82.0,80,1,10.98,clear sky
564,Masuguru,TZ,2021-08-15 00:38:12,-11.3667,38.4167,72.43,58,4,4.79,clear sky
565,Saryg-Sep,RU,2021-08-15 00:38:13,51.5,95.6,63.39,69,100,1.7,overcast clouds
566,Sacramento,US,2021-08-15 00:38:13,38.4666,-121.3177,107.49,29,1,5.01,haze
567,Khromtau,KZ,2021-08-15 00:38:13,50.2503,58.4347,61.77,33,10,2.42,clear sky
568,Scalea,IT,2021-08-15 00:38:14,39.813,15.7956,73.35,49,0,3.85,clear sky
569,Slavsk,RU,2021-08-15 00:38:14,55.0425,21.677,60.62,69,100,9.69,overcast clouds
570,Holetown,BB,2021-08-15 00:38:14,13.1867,-59.6381,77.56,73,100,5.44,overcast clouds
571,Saint-Augustin,CA,2021-08-15 00:38:15,51.226,-58.6502,63.66,96,83,4.5,broken clouds
572,Fianarantsoa,MG,2021-08-15 00:38:15,-21.4333,47.0833,50.61,94,100,7.02,overcast clouds
573,Moindou,NC,2021-08-15 00:38:15,-21.6924,165.677,75.15,49,0,8.32,clear sky
574,Bandarban,BD,2021-08-15 00:38:16,22.1965,92.2262,77.09,97,100,1.99,overcast clouds
575,Nanakuli,US,2021-08-15 00:38:16,21.3906,-158.1547,87.75,54,75,11.5,broken clouds
576,Salamiyah,SY,2021-08-15 00:38:16,35.0113,37.0532,73.08,70,0,8.19,clear sky
577,Casablanca,MA,2021-08-15 00:35:56,33.5928,-7.6192,79.02,73,16,5.14,few clouds
578,Bongor,TD,2021-08-15 00:38:17,10.2806,15.3722,72.63,89,100,4.09,overcast clouds
579,Olafsvik,IS,2021-08-15 00:38:17,64.8945,-23.7142,52.7,85,81,14.07,broken clouds
580,Ishigaki,JP,2021-08-15 00:38:18,24.3448,124.1572,86.13,84,40,11.5,scattered clouds
581,Rawson,AR,2021-08-15 00:38:18,-43.3002,-65.1023,49.15,70,100,6.06,overcast clouds
582,Floro,NO,2021-08-15 00:38:19,61.5996,5.0328,55.36,94,90,10.36,overcast clouds
583,West Bay,KY,2021-08-15 00:38:21,19.3667,-81.4167,82.47,84,20,1.99,few clouds
584,Iwo,NG,2021-08-15 00:38:23,7.6333,4.1833,69.91,99,69,2.77,broken clouds
585,Bougouni,ML,2021-08-15 00:38:23,11.417,-7.479,70.0,97,100,4.32,light rain
586,Velez-Malaga,ES,2021-08-15 00:38:23,36.7726,-4.1005,91.53,73,0,1.34,clear sky
587,Puerto Colombia,CO,2021-08-15 00:38:24,10.9878,-74.9547,82.49,84,100,2.66,overcast clouds
588,Arona,ES,2021-08-15 00:38:26,28.0996,-16.681,78.69,49,28,7.11,scattered clouds
589,Chitipa,MW,2021-08-15 00:38:26,-9.7024,33.2697,53.91,91,0,4.21,clear sky
590,Palasa,IN,2021-08-15 00:38:26,18.7667,84.4167,82.78,76,17,3.67,few clouds
591,Nkhata Bay,MW,2021-08-15 00:38:27,-11.6066,34.2907,68.07,72,1,6.24,clear sky
592,Santa Rosa,PH,2021-08-15 00:38:27,14.3122,121.1114,78.78,92,100,7.27,overcast clouds
593,Winnemucca,US,2021-08-15 00:38:28,40.973,-117.7357,100.45,10,1,4.61,haze
594,Urengoy,RU,2021-08-15 00:38:28,65.9667,78.3667,62.13,79,100,17.6,overcast clouds
595,Valdivia,CL,2021-08-15 00:38:28,-39.8142,-73.2459,41.09,97,85,1.05,overcast clouds
596,Tukrah,LY,2021-08-15 00:38:29,32.5341,20.5791,78.78,63,0,19.19,clear sky
597,Borogontsy,RU,2021-08-15 00:38:29,62.6683,131.1683,75.38,51,100,3.58,light rain
598,Lockhart,US,2021-08-15 00:38:30,28.6194,-81.4426,79.72,79,20,5.75,few clouds
599,Honiara,SB,2021-08-15 00:38:30,-9.4333,159.95,85.12,74,63,6.06,broken clouds
600,Kirakira,SB,2021-08-15 00:38:30,-10.4544,161.9205,82.35,80,100,14.12,overcast clouds
601,Bonanza,NI,2021-08-15 00:38:31,14.0289,-84.591,73.4,98,33,0.56,scattered clouds
602,Hualmay,PE,2021-08-15 00:38:31,-11.0964,-77.6139,62.56,83,21,10.2,few clouds
603,Zemio,CF,2021-08-15 00:38:31,5.0314,25.1361,67.41,98,100,1.72,overcast clouds
604,Jinchang,CN,2021-08-15 00:38:32,38.4953,102.1739,74.26,46,96,7.47,overcast clouds
605,Patti,IN,2021-08-15 00:38:32,31.2808,74.8572,82.47,80,0,6.24,clear sky
606,Maragogi,BR,2021-08-15 00:38:33,-9.0122,-35.2225,72.77,88,18,7.76,few clouds
607,Pochutla,MX,2021-08-15 00:38:33,15.7432,-96.4661,85.05,86,33,4.27,scattered clouds
608,Ghanzi,BW,2021-08-15 00:38:34,-21.5667,21.7833,56.64,47,0,10.42,clear sky
609,Lincoln,US,2021-08-15 00:35:36,40.8,-96.667,82.78,47,1,3.0,clear sky
610,Faridpur,BD,2021-08-15 00:38:34,23.6,89.8333,82.4,88,100,6.15,overcast clouds
611,Vikhorevka,RU,2021-08-15 00:38:34,56.1201,101.1636,62.19,92,100,8.43,overcast clouds
612,Dawson Creek,CA,2021-08-15 00:38:35,55.7666,-120.2362,76.64,41,1,20.71,clear sky
613,Washington,US,2021-08-15 00:36:16,47.5001,-120.5015,99.57,20,0,13.2,clear sky
614,Yining,CN,2021-08-15 00:38:35,29.0361,114.5636,73.17,98,100,0.87,overcast clouds
615,Nioro,GM,2021-08-15 00:38:36,13.35,-15.75,75.96,93,100,5.86,overcast clouds
616,Nyurba,RU,2021-08-15 00:38:36,63.2842,118.3319,60.04,90,100,2.84,overcast clouds
617,Elk Plain,US,2021-08-15 00:38:36,47.0532,-122.3976,89.92,45,1,1.99,clear sky
618,Dulce Grande,MX,2021-08-15 00:38:37,23.0,-102.1667,75.54,42,92,12.46,overcast clouds
619,Praia,CV,2021-08-15 00:38:37,14.9215,-23.5087,77.54,78,20,6.91,few clouds
620,Bellview,US,2021-08-15 00:38:38,30.4616,-87.315,85.75,70,90,0.0,overcast clouds
621,Joshimath,IN,2021-08-15 00:38:38,30.5667,79.5667,67.06,80,5,2.39,clear sky
622,Huarmey,PE,2021-08-15 00:38:38,-10.0681,-78.1522,63.75,83,45,9.78,scattered clouds
623,Punta Cardon,VE,2021-08-15 00:38:39,11.6581,-70.215,82.71,74,100,13.29,overcast clouds
624,Saint-Honore,CA,2021-08-15 00:38:39,48.5334,-71.0824,69.12,60,8,9.22,clear sky
625,Nelspruit,ZA,2021-08-15 00:38:40,-25.4745,30.9703,52.09,100,100,0.0,overcast clouds
626,Monteagudo,BO,2021-08-15 00:38:40,-19.8167,-63.9833,49.68,60,7,2.13,clear sky
627,Nchelenge,ZM,2021-08-15 00:38:40,-9.3451,28.734,66.94,44,0,2.08,clear sky
628,Oildale,US,2021-08-15 00:34:27,35.4197,-119.0195,104.95,22,1,5.75,haze
629,Kerman,IR,2021-08-15 00:38:41,30.2832,57.0788,76.48,19,3,6.17,clear sky
630,Puerto Lopez,CO,2021-08-15 00:38:41,4.0845,-72.956,72.32,93,100,2.21,overcast clouds
631,Anupgarh,IN,2021-08-15 00:38:42,29.1911,73.2086,87.31,54,4,16.87,clear sky
632,Tazovskiy,RU,2021-08-15 00:38:42,67.4667,78.7,57.87,91,100,17.34,light rain
633,Howard Springs,AU,2021-08-15 00:38:43,-12.497,131.047,83.82,65,4,9.71,clear sky
634,Hede,CN,2021-08-15 00:38:43,33.7681,120.2517,79.2,80,5,8.59,clear sky
635,Karpogory,RU,2021-08-15 00:38:43,64.0019,44.4451,52.81,97,100,4.85,overcast clouds
636,Myanaung,MM,2021-08-15 00:38:44,18.2833,95.3167,79.75,85,99,5.91,overcast clouds
637,Kjollefjord,NO,2021-08-15 00:38:44,70.9457,27.3465,46.63,77,99,7.47,overcast clouds
638,Vila,PT,2021-08-15 00:38:44,42.0304,-8.1588,59.7,81,0,4.68,clear sky
639,Lapithos,CY,2021-08-15 00:38:45,35.3375,33.1792,84.92,67,0,9.48,clear sky
640,Alice Springs,AU,2021-08-15 00:38:45,-23.7,133.8833,62.15,27,0,0.0,clear sky
641,Mindelo,CV,2021-08-15 00:38:46,16.8901,-24.9804,76.55,78,40,17.27,scattered clouds
642,Bayji,IQ,2021-08-15 00:38:46,34.9311,43.487,86.7,25,0,8.86,clear sky
643,Urucara,BR,2021-08-15 00:38:46,-2.5364,-57.76,74.53,92,100,1.86,overcast clouds
644,Flinders,AU,2021-08-15 00:38:47,-34.5833,150.8552,64.06,46,33,7.0,scattered clouds
645,Pangoa,PE,2021-08-15 00:38:47,-12.1167,-73.0,70.97,63,100,2.89,overcast clouds
646,Jumla,NP,2021-08-15 00:38:47,29.2747,82.1838,60.64,88,22,1.74,few clouds
647,Kahului,US,2021-08-15 00:37:33,20.8947,-156.47,86.97,69,40,23.02,scattered clouds
648,Natal,BR,2021-08-15 00:34:08,-5.795,-35.2094,75.85,88,0,11.5,clear sky
649,Vanimo,PG,2021-08-15 00:38:48,-2.6741,141.3028,85.05,67,100,7.25,overcast clouds
650,Freeport,US,2021-08-15 00:34:25,40.6576,-73.5832,84.25,70,90,5.99,overcast clouds
651,Bonavista,CA,2021-08-15 00:38:48,48.6499,-53.1147,71.6,98,83,9.53,broken clouds
652,Cockburn Town,TC,2021-08-15 00:38:49,21.4612,-71.1419,80.56,89,40,9.22,scattered clouds
653,Dwarka,IN,2021-08-15 00:38:49,22.2394,68.9678,80.35,81,100,18.61,overcast clouds
654,Stokmarknes,NO,2021-08-15 00:38:50,68.5646,14.9108,52.38,85,83,7.2,broken clouds
655,Umm Kaddadah,SD,2021-08-15 00:38:50,13.6017,26.6876,75.24,67,100,14.47,overcast clouds
656,Chara,RU,2021-08-15 00:38:51,56.9064,118.2631,70.0,51,10,4.47,clear sky
657,Mazarron,ES,2021-08-15 00:38:51,37.5992,-1.3149,79.88,68,23,3.42,few clouds
658,Rapu-Rapu,PH,2021-08-15 00:38:51,13.1866,124.1256,83.03,65,81,1.05,broken clouds
659,Sagua La Grande,CU,2021-08-15 00:38:52,22.8067,-80.0756,76.19,84,100,5.19,overcast clouds
660,Pemba,MZ,2021-08-15 00:38:52,-12.974,40.5178,70.5,73,20,12.66,few clouds
661,Ler,SS,2021-08-15 00:38:52,8.3018,30.1418,70.02,97,100,0.63,overcast clouds
662,Doume,CM,2021-08-15 00:38:53,4.2333,13.45,69.64,91,79,1.88,broken clouds
663,Cangzhou,CN,2021-08-15 00:38:53,38.3167,116.8667,76.46,64,100,8.08,overcast clouds
664,Pierre,US,2021-08-15 00:38:11,44.3683,-100.351,92.32,36,1,5.99,clear sky
665,Mayo,US,2021-08-15 00:38:54,38.8876,-76.5119,84.94,83,20,4.61,few clouds
666,Richards Bay,ZA,2021-08-15 00:38:54,-28.783,32.0377,57.56,81,100,6.8,overcast clouds
667,Shache,CN,2021-08-15 00:38:54,38.4167,77.2406,71.2,38,100,5.39,overcast clouds
668,Bay Roberts,CA,2021-08-15 00:38:55,47.5999,-53.2648,71.35,93,65,3.0,broken clouds
669,Evensk,RU,2021-08-15 00:38:55,61.95,159.2333,50.34,95,100,7.99,overcast clouds
670,Mollendo,PE,2021-08-15 00:38:56,-17.0231,-72.0147,59.25,85,41,7.0,scattered clouds
671,Sendhwa,IN,2021-08-15 00:38:56,21.6833,75.1,73.96,86,100,12.55,overcast clouds
672,Antalaha,MG,2021-08-15 00:38:56,-14.9003,50.2788,68.74,83,59,9.73,broken clouds
673,Lianzhou,CN,2021-08-15 00:38:57,24.7811,112.3825,79.5,91,100,2.13,overcast clouds
674,Manggar,ID,2021-08-15 00:38:57,-2.8833,108.2667,79.88,85,100,17.72,overcast clouds
675,Vila Velha,BR,2021-08-15 00:38:54,-20.3297,-40.2925,73.35,78,90,4.61,overcast clouds
676,Beringovskiy,RU,2021-08-15 00:38:57,63.05,179.3167,60.33,64,92,7.94,overcast clouds
677,Santiago De Cao,PE,2021-08-15 00:38:58,-7.9589,-79.2392,62.73,88,90,11.5,fog
678,Arkhangelsk,RU,2021-08-15 00:38:58,64.5401,40.5433,59.11,88,75,4.47,light rain
679,Sorong,ID,2021-08-15 00:38:58,-0.8833,131.25,81.59,75,83,2.57,broken clouds
680,Plettenberg Bay,ZA,2021-08-15 00:38:59,-34.0527,23.3716,53.46,71,0,4.36,clear sky
681,Coahuayana,MX,2021-08-15 00:38:59,18.7333,-103.6833,78.28,84,35,2.73,scattered clouds
682,Rtishchevo,RU,2021-08-15 00:39:00,52.2604,43.7874,58.55,93,100,10.92,overcast clouds
683,Taltal,CL,2021-08-15 00:39:00,-25.4,-70.4833,55.51,81,40,3.74,scattered clouds
684,Amuntai,ID,2021-08-15 00:39:01,-2.4177,115.2494,79.7,81,58,0.74,broken clouds
685,Linhares,BR,2021-08-15 00:34:36,-19.3911,-40.0722,66.47,83,0,0.94,clear sky
686,Kurumkan,RU,2021-08-15 00:39:01,54.3,110.3,68.94,59,13,3.83,few clouds
687,Marysville,US,2021-08-15 00:37:26,48.0518,-122.1771,93.09,60,1,1.01,clear sky
688,Bida,NG,2021-08-15 00:39:01,9.0833,6.0167,73.51,93,90,2.3,overcast clouds
689,Bristol,US,2021-08-15 00:37:35,41.8334,-71.1662,82.6,72,1,3.0,clear sky
690,Nakhon Sawan,TH,2021-08-15 00:39:04,15.7,100.0833,75.97,93,100,7.76,overcast clouds
